feature,group,scope,n,wins,losses,net,expectancy,pf,win_rate,average_winner,average_loser,max_losing_streak,realized_balance_dd_pct,net_ex_top5
direction,BUY,ALL,182,91,91,19.81,0.10884615384615401,1.0275786220434076,0.5,8.11120879120879,-7.893516483516482,10,2.7136741475487143,-75.94
direction,BUY,BUY,182,91,91,19.81,0.10884615384615401,1.0275786220434076,0.5,8.11120879120879,-7.893516483516482,10,2.7136741475487143,-75.94
direction,BUY,SELL,0,0,0,0.0,,,,,,0,0.0,0.0
direction,BUY,2026-06,40,13,27,-58.3,-1.4574999999999998,0.7163155077611796,0.325,11.323846153846151,-7.611481481481481,10,1.5020000000000073,-150.3
direction,BUY,2026-07,68,33,35,-35.19,-0.5174999999999997,0.8821658183766408,0.4852941176470588,7.983333333333333,-8.532571428571426,6,1.7058916128158548,-85.9
direction,BUY,2026-08,74,45,29,113.3,1.5310810810810815,1.5290437056406427,0.6081081081081081,7.27688888888889,-7.384827586206897,4,0.6771351317752294,64.87
direction,SELL,ALL,182,94,88,60.44,0.33208791208791233,1.0948331319724476,0.5164835164835165,7.423085106382981,-7.242386363636364,5,2.1743620520335223,10.65
direction,SELL,BUY,0,0,0,0.0,,,,,,0,0.0,0.0
direction,SELL,SELL,182,94,88,60.44,0.33208791208791233,1.0948331319724476,0.5164835164835165,7.423085106382981,-7.242386363636364,5,2.1743620520335223,10.65
direction,SELL,2026-06,76,44,32,107.62,1.4160526315789477,1.470655121140558,0.5789473684210527,7.642727272727272,-7.145624999999999,5,0.6292123310630919,57.88
direction,SELL,2026-07,66,31,35,-45.09,-0.6831818181818178,0.8347443650357341,0.4696969696969697,7.34709677419355,-7.795714285714283,5,1.3884079085115475,-93.09
direction,SELL,2026-08,40,19,21,-2.09,-0.052249999999999706,0.9846119864526579,0.475,7.038421052631579,-6.467619047619047,5,0.9701330062938109,-46.51
month,2026-06,ALL,116,57,59,49.32,0.4251724137931039,1.1135960568440935,0.49137931034482757,8.482280701754386,-7.358813559322032,6,1.241646002252137,-45.36
month,2026-06,BUY,40,13,27,-58.3,-1.4574999999999998,0.7163155077611796,0.325,11.323846153846151,-7.611481481481481,10,1.5020000000000073,-150.3
month,2026-06,SELL,76,44,32,107.62,1.4160526315789477,1.470655121140558,0.5789473684210527,7.642727272727272,-7.145624999999999,5,0.6292123310630919,57.88
month,2026-06,2026-06,116,57,59,49.32,0.4251724137931039,1.1135960568440935,0.49137931034482757,8.482280701754386,-7.358813559322032,6,1.241646002252137,-45.36
month,2026-06,2026-07,0,0,0,0.0,,,,,,0,0.0,0.0
month,2026-06,2026-08,0,0,0,0.0,,,,,,0,0.0,0.0
month,2026-07,ALL,134,64,70,-80.28,-0.5991044776119402,0.859525101051637,0.47761194029850745,7.67515625,-8.164142857142856,8,2.594836591553514,-131.09
month,2026-07,BUY,68,33,35,-35.19,-0.5174999999999997,0.8821658183766408,0.4852941176470588,7.983333333333333,-8.532571428571426,6,1.7058916128158548,-85.9
month,2026-07,SELL,66,31,35,-45.09,-0.6831818181818178,0.8347443650357341,0.4696969696969697,7.34709677419355,-7.795714285714283,5,1.3884079085115475,-93.09
month,2026-07,2026-06,0,0,0,0.0,,,,,,0,0.0,0.0
month,2026-07,2026-07,134,64,70,-80.28,-0.5991044776119402,0.859525101051637,0.47761194029850745,7.67515625,-8.164142857142856,8,2.594836591553514,-131.09
month,2026-07,2026-08,0,0,0,0.0,,,,,,0,0.0,0.0
month,2026-08,ALL,114,64,50,111.21,0.9755263157894741,1.3177610149151382,0.5614035087719298,7.206093750000001,-6.999599999999999,5,0.9058170029941153,62.78
month,2026-08,BUY,74,45,29,113.3,1.5310810810810815,1.5290437056406427,0.6081081081081081,7.27688888888889,-7.384827586206897,4,0.6771351317752294,64.87
month,2026-08,SELL,40,19,21,-2.09,-0.052249999999999706,0.9846119864526579,0.475,7.038421052631579,-6.467619047619047,5,0.9701330062938109,-46.51
month,2026-08,2026-06,0,0,0,0.0,,,,,,0,0.0,0.0
month,2026-08,2026-07,0,0,0,0.0,,,,,,0,0.0,0.0
month,2026-08,2026-08,114,64,50,111.21,0.9755263157894741,1.3177610149151382,0.5614035087719298,7.206093750000001,-6.999599999999999,5,0.9058170029941153,62.78
session,london,ALL,97,56,41,90.55,0.9335051546391757,1.2995071610491846,0.5773195876288659,7.015714285714286,-7.3739024390243895,10,1.7818778478173394,42.94
session,london,BUY,45,22,23,-30.85,-0.6855555555555551,0.8261188141134033,0.4888888888888889,6.662272727272727,-7.71391304347826,4,0.8158002578736319,-73.15
session,london,SELL,52,34,18,121.4,2.334615384615385,1.9718997678328398,0.6538461538461539,7.244411764705882,-6.939444444444444,9,1.2932110351387704,74.04
session,london,2026-06,30,20,10,73.41,2.447,1.9500452957163197,0.6666666666666666,7.534000000000002,-7.727000000000001,2,0.34390222788833746,26.85
session,london,2026-07,34,17,17,-8.52,-0.2505882352941173,0.9323326185370503,0.5,6.90529411764706,-7.406470588235294,10,1.7744602333996242,-52.45
session,london,2026-08,33,19,14,25.66,0.7775757575757581,1.2587997982854262,0.5757575757575758,6.568947368421052,-7.082142857142857,4,0.6551873618118872,-14.74
session,new_york,ALL,53,26,27,2.31,0.043584905660377316,1.0113821138211383,0.49056603773584906,7.894615384615386,-7.516666666666667,4,0.8649065130475061,-47.44
session,new_york,BUY,30,16,14,16.26,0.5419999999999998,1.1446876668446342,0.5333333333333333,8.04,-8.027142857142858,3,0.6961795075774401,-32.48
session,new_york,SELL,23,10,13,-13.95,-0.6065217391304347,0.845975488572375,0.43478260869565216,7.661999999999999,-6.966923076923076,4,0.5962325766150219,-59.01
session,new_york,2026-06,19,8,11,-15.83,-0.833157894736842,0.8021497312835897,0.42105263157894735,8.0225,-7.273636363636364,4,0.6740801510642431,-61.89
session,new_york,2026-07,21,11,10,11.8,0.5619047619047618,1.146674953387197,0.5238095238095238,8.386363636363637,-8.045,3,0.5544832706928378,-35.91
session,new_york,2026-08,13,7,6,6.34,0.48769230769230787,1.1492115791951047,0.5384615384615384,6.975714285714287,-7.081666666666667,4,0.5564515968649476,-30.04
session,other,ALL,147,75,72,53.17,0.36170068027210894,1.0933494855858705,0.5102040816326531,8.303333333333335,-7.910833333333334,11,2.6824853895238934,-42.47
session,other,BUY,76,39,37,36.44,0.47947368421052655,1.1165595112433229,0.5131578947368421,8.95051282051282,-8.449459459459458,5,2.0964298068779565,-58.88
session,other,SELL,71,36,35,16.73,0.2356338028169016,1.0651099435687879,0.5070422535211268,7.602222222222222,-7.341428571428571,6,1.516651868942711,-32.1
session,other,2026-06,45,20,25,13.14,0.29200000000000015,1.0696343402225756,0.4444444444444444,10.092,-7.547999999999999,5,1.0904913747004137,-80.76
session,other,2026-07,54,25,29,-66.36,-1.2288888888888887,0.7456594227894677,0.46296296296296297,7.782,-8.996896551724136,11,2.3704691664869193,-115.82
session,other,2026-08,48,30,18,106.39,2.2164583333333336,1.8868050345919816,0.625,7.545333333333333,-6.665,3,0.45240915364535017,58.68
session,overlap,ALL,67,28,39,-65.78,-0.9817910447761188,0.7657240544198306,0.417910447761194,7.678571428571429,-7.199487179487178,9,1.8134000000000015,-114.2
session,overlap,BUY,31,14,17,-2.04,-0.0658064516129028,0.9823955816361755,0.45161290322580644,8.131428571428573,-6.816470588235294,4,0.5592000000000008,-50.38
session,overlap,SELL,36,14,22,-63.74,-1.7705555555555554,0.6134627046694967,0.3888888888888889,7.225714285714287,-7.495454545454544,7,1.7810468299726485,-108.9
session,overlap,2026-06,22,9,13,-21.4,-0.9727272727272722,0.7573421022791701,0.4090909090909091,7.421111111111112,-6.783846153846154,9,1.2421999999999935,-61.92
session,overlap,2026-07,25,11,14,-17.2,-0.6879999999999994,0.8349644981769335,0.44,7.910909090909092,-7.444285714285713,4,0.7918995195036896,-65.04
session,overlap,2026-08,20,8,12,-27.18,-1.3589999999999995,0.6924295575421524,0.4,7.64875,-7.364166666666667,5,1.0413999999999761,-70.64
weekday,0,ALL,81,41,40,9.95,0.1228395061728396,1.0326797385620916,0.5061728395061729,7.668780487804878,-7.611750000000001,6,1.5057999999999812,-40.5
weekday,0,BUY,52,29,23,36.69,0.7055769230769233,1.1988402341209625,0.5576923076923077,7.627931034482759,-8.022608695652172,4,1.1326000000000023,-12.69
weekday,0,SELL,29,12,17,-26.74,-0.9220689655172412,0.777073780741976,0.41379310344827586,7.767500000000001,-7.055882352941176,5,0.698959655417074,-74.38
weekday,0,2026-06,29,10,19,-59.72,-2.059310344827586,0.5680601764790975,0.3448275862068966,7.853999999999999,-7.276842105263158,6,1.4575999999999658,-105.7
weekday,0,2026-07,26,16,10,53.39,2.053461538461539,1.7112976285638157,0.6153846153846154,8.028125,-7.506,2,0.31140000000001233,4.14
weekday,0,2026-08,26,15,11,16.28,0.6261538461538462,1.1786066922654965,0.5769230769230769,7.162000000000001,-8.286363636363635,3,0.5770934033418095,-25.74
weekday,1,ALL,73,40,33,41.53,0.5689041095890415,1.1677640880630178,0.547945205479452,7.227000000000001,-7.501515151515151,5,0.992071744473694,-7.36
weekday,1,BUY,35,18,17,7.19,0.2054285714285722,1.0587370312882936,0.5142857142857142,7.199999999999999,-7.200588235294117,5,0.8645498561083372,-38.49
weekday,1,SELL,38,22,16,34.34,0.9036842105263161,1.2744126578232382,0.5789473684210527,7.249090909090911,-7.821249999999999,4,0.8784155402275722,-11.8
weekday,1,2026-06,31,18,13,31.83,1.0267741935483874,1.3444805194805196,0.5806451612903226,6.901666666666667,-7.107692307692308,3,0.47877872572732827,-10.43
weekday,1,2026-07,20,11,9,12.83,0.6415000000000002,1.1680419122462347,0.55,8.107272727272727,-8.483333333333333,5,0.9983656222594303,-34.1
weekday,1,2026-08,22,11,11,-3.13,-0.14227272727272675,0.960279187817259,0.5,6.879090909090909,-7.163636363636363,3,0.5758000000000174,-43.26
weekday,2,ALL,67,32,35,-41.95,-0.6261194029850744,0.8528947645264228,0.47761194029850745,7.600625000000001,-8.147714285714287,5,2.2572950260327045,-91.25
weekday,2,BUY,24,11,13,-41.67,-1.73625,0.6633815332417805,0.4583333333333333,7.465454545454545,-9.522307692307693,6,1.4402000000000226,-85.94
weekday,2,SELL,43,21,22,-0.28,-0.006511627906976399,0.9982649646796381,0.4883720930232558,7.671428571428571,-7.335454545454545,5,1.6603067004811356,-48.96
weekday,2,2026-06,21,11,10,19.11,0.9100000000000001,1.2582432432432433,0.5238095238095238,8.464545454545453,-7.4,4,0.5706687792226419,-29.31
weekday,2,2026-07,25,8,17,-99.54,-3.9816,0.3541396314560083,0.32,6.8225,-9.065882352941175,5,2.2659098988269037,-137.42
weekday,2,2026-08,21,13,8,38.48,1.8323809523809527,1.6744960560911482,0.6190476190476191,7.348461538461537,-7.13125,3,0.5772600762807936,-6.23
weekday,3,ALL,71,35,36,-3.67,-0.05169014084507043,0.9859268348799756,0.49295774647887325,7.346,-7.243888888888888,5,0.9352000000000225,-50.4
weekday,3,BUY,33,14,19,-32.16,-0.9745454545454545,0.7669396333067614,0.42424242424242425,7.559285714285714,-7.262631578947369,4,0.7021829033553908,-77.79
weekday,3,SELL,38,21,17,28.49,0.7497368421052633,1.2320221516410133,0.5526315789473685,7.203809523809523,-7.222941176470588,3,0.6248000000000138,-16.57
weekday,3,2026-06,18,7,11,-31.51,-1.7505555555555554,0.6269681543743341,0.3888888888888889,7.565714285714286,-7.679090909090909,3,0.9352000000000225,-72.68
weekday,3,2026-07,29,16,13,18.99,0.6548275862068967,1.1886548778064774,0.5517241379310345,7.478125,-7.743076923076923,3,0.4455523474192552,-26.29
weekday,3,2026-08,24,12,12,8.85,0.3687500000000002,1.1169861202908131,0.5,7.041666666666667,-6.304166666666667,5,0.7481346443122874,-33.26
weekday,4,ALL,72,37,35,74.39,1.0331944444444447,1.288702604106027,0.5138888888888888,8.974594594594596,-7.362,4,1.2957770831164026,-19.53
weekday,4,BUY,38,19,19,49.76,1.3094736842105261,1.332620320855615,0.5,10.492631578947368,-7.873684210526317,5,1.0959619022767404,-44.16
weekday,4,SELL,34,18,16,24.63,0.7244117647058828,1.2279078375127233,0.5294117647058824,7.372222222222222,-6.754375,4,1.001811429766672,-20.47
weekday,4,2026-06,17,11,6,89.61,5.2711764705882365,2.9895648312611014,0.6470588235294118,12.240909090909089,-7.506666666666667,1,0.19511370826080185,-2.14
weekday,4,2026-07,34,13,21,-65.95,-1.939705882352941,0.6010284331518453,0.38235294117647056,7.642307692307693,-7.871428571428572,4,1.3190000000000146,-112.74
weekday,4,2026-08,21,13,8,50.73,2.415714285714286,2.071836044791887,0.6190476190476191,7.5430769230769235,-5.91625,3,0.318494691424835,6.52
utc_hour,1,ALL,21,12,9,26.61,1.2671428571428573,1.3715442613795032,0.5714285714285714,8.185833333333333,-7.9577777777777765,3,0.6632285919884923,-19.4
utc_hour,1,BUY,13,10,3,57.11,4.393076923076924,3.4056444818871108,0.7692307692307693,8.084999999999999,-7.913333333333333,1,0.16479999999999564,12.34
utc_hour,1,SELL,8,2,6,-30.5,-3.8124999999999996,0.3629908103592314,0.25,8.69,-7.98,3,0.6656272487407088,-47.88
utc_hour,1,2026-06,4,1,3,-14.96,-3.7399999999999993,0.3777038269550749,0.25,9.08,-8.013333333333334,2,0.3550011993283805,-24.04
utc_hour,1,2026-07,7,3,4,-8.54,-1.2199999999999995,0.7408980582524273,0.42857142857142855,8.14,-8.24,2,0.31554183325811286,-32.96
utc_hour,1,2026-08,10,8,2,50.11,5.010999999999999,4.42749658002736,0.8,8.09125,-7.3100000000000005,1,0.1530294492719195,6.72
utc_hour,10,ALL,20,15,5,66.76,3.338,3.0322678843226787,0.75,6.640666666666666,-6.5699999999999985,2,0.2890380099882038,26.49
utc_hour,10,BUY,8,6,2,21.64,2.7050000000000005,2.6053412462908017,0.75,5.853333333333334,-6.74,2,0.26893680184665564,-8.56
utc_hour,10,SELL,12,9,3,45.12,3.760000000000001,3.329375322663914,0.75,7.165555555555557,-6.456666666666666,2,0.2617644835720878,5.11
utc_hour,10,2026-06,8,6,2,33.94,4.242500000000001,3.8236272878535775,0.75,7.660000000000001,-6.01,1,0.12337707491034873,-6.33
utc_hour,10,2026-07,7,4,3,2.79,0.39857142857142885,1.1339414306289008,0.5714285714285714,5.905,-6.9433333333333325,2,0.29100000000000364,-20.83
utc_hour,10,2026-08,5,5,0,30.03,6.006,,1.0,6.006,,0,0.0,0.0
utc_hour,11,ALL,13,9,4,41.0,3.1538461538461537,2.699129714048902,0.6923076923076923,7.236666666666666,-6.0325,2,0.2697571787812166,-0.46
utc_hour,11,BUY,6,4,2,12.56,2.0933333333333337,1.9450714823175321,0.6666666666666666,6.4625,-6.645,1,0.15975812619693786,-13.29
utc_hour,11,SELL,7,5,2,28.44,4.062857142857142,3.623616236162362,0.7142857142857143,7.856,-5.42,1,0.1108925556652699,-10.84
utc_hour,11,2026-06,4,4,0,30.45,7.612499999999999,,1.0,7.612499999999999,,0,0.0,0.0
utc_hour,11,2026-07,5,3,2,8.34,1.6680000000000004,1.6145910095799558,0.6,7.303333333333334,-6.785,2,0.27139999999999415,-13.57
utc_hour,11,2026-08,4,2,2,2.21,0.5525,1.2092803030303032,0.5,6.385,-5.279999999999999,2,0.21066196933033832,-10.56
utc_hour,12,ALL,15,9,6,33.15,2.2100000000000004,1.7999517374517375,0.6,8.287777777777778,-6.906666666666666,3,0.3982000000000153,-12.61
utc_hour,12,BUY,7,4,3,13.48,1.9257142857142864,1.6169336384439361,0.5714285714285714,8.8325,-7.283333333333334,2,0.2504000000000087,-21.85
utc_hour,12,SELL,8,5,3,19.67,2.45875,2.0040837161817255,0.625,7.852000000000001,-6.53,1,0.14780000000000654,-19.59
utc_hour,12,2026-06,6,3,3,0.87,0.14500000000000002,1.043696634856856,0.5,6.926666666666667,-6.636666666666667,3,0.3982000000000153,-19.91
utc_hour,12,2026-07,5,4,1,29.56,5.912000000000001,5.186968838526913,0.8,9.155000000000001,-7.06,1,0.141200000000008,-7.06
utc_hour,12,2026-08,4,2,2,2.72,0.6799999999999997,1.1879751209398755,0.5,8.594999999999999,-7.234999999999999,2,0.2894000000000051,-14.47
utc_hour,13,ALL,18,8,10,-5.5,-0.3055555555555551,0.9226332817555212,0.4444444444444444,8.19875,-7.108999999999999,4,0.6364000000000305,-52.66
utc_hour,13,BUY,9,5,4,19.24,2.1377777777777784,1.829667960327728,0.5555555555555556,8.486,-5.797499999999999,1,0.12215145983947165,-23.19
utc_hour,13,SELL,9,3,6,-24.74,-2.7488888888888883,0.48350730688935284,0.3333333333333333,7.72,-7.983333333333332,3,0.6832000000000154,-47.9
utc_hour,13,2026-06,2,0,2,-13.13,-6.5649999999999995,0.0,0.0,,-6.5649999999999995,2,0.2626000000000022,-13.13
utc_hour,13,2026-07,10,4,6,-10.89,-1.0889999999999997,0.7526686350215762,0.4,8.285,-7.338333333333334,3,0.4916206915823701,-44.03
utc_hour,13,2026-08,6,4,2,18.52,3.0866666666666673,2.3295046661880834,0.6666666666666666,8.1125,-6.965,1,0.15600000000000364,-13.93
utc_hour,14,ALL,16,6,10,-37.4,-2.3374999999999995,0.5251396648044693,0.375,6.893333333333334,-7.876,3,1.0572948961546156,-73.54
utc_hour,14,BUY,5,3,2,3.95,0.7900000000000003,1.2399756986634267,0.6,6.803333333333335,-8.23,1,0.19267553718777197,-16.46
utc_hour,14,SELL,11,3,8,-41.35,-3.7590909090909084,0.33627608346709476,0.2727272727272727,6.983333333333334,-7.7875000000000005,4,0.9610986723975714,-62.3
utc_hour,14,2026-06,5,3,2,8.62,1.7240000000000006,1.5604681404421328,0.6,8.000000000000002,-7.69,1,0.16739999999999783,-15.38
utc_hour,14,2026-07,7,2,5,-27.53,-3.932857142857142,0.30602470380640284,0.2857142857142857,6.07,-7.933999999999999,2,0.550599999999995,-39.67
utc_hour,14,2026-08,4,1,3,-18.49,-4.6225,0.22016026992830032,0.25,5.220000000000001,-7.903333333333333,3,0.4737054515086257,-23.71
utc_hour,15,ALL,18,5,13,-56.03,-3.1127777777777776,0.3738965247513689,0.2777777777777778,6.692,-6.883846153846154,5,1.247199999999957,-89.49
utc_hour,15,BUY,10,2,8,-38.71,-3.8709999999999987,0.28815741081279883,0.2,7.835,-6.797499999999999,6,0.8079253053961442,-54.38
utc_hour,15,SELL,8,3,5,-17.32,-2.1649999999999996,0.5066932497863856,0.375,5.93,-7.022,3,0.4729999999999927,-35.11
utc_hour,15,2026-06,9,3,6,-17.76,-1.9733333333333327,0.5534322353532815,0.3333333333333333,7.336666666666667,-6.628333333333333,4,0.5283999999999832,-39.77
utc_hour,15,2026-07,3,1,2,-8.34,-2.78,0.38038632986627047,0.3333333333333333,5.12,-6.7299999999999995,2,0.2692000000000007,-13.46
utc_hour,15,2026-08,6,1,5,-29.93,-4.988333333333333,0.17457253171538886,0.16666666666666666,6.33,-7.252,5,0.7251999999999862,-36.26
utc_hour,16,ALL,8,5,3,18.42,2.3025,1.8047182175622543,0.625,8.262,-7.63,2,0.31458381895593385,-22.89
utc_hour,16,BUY,4,2,2,0.01,0.002500000000000391,1.000672494956288,0.5,7.44,-7.435,2,0.297400000000016,-14.87
utc_hour,16,SELL,4,3,1,18.41,4.6025,3.2955112219451372,0.75,8.81,-8.02,1,0.1595565838975264,-8.02
utc_hour,16,2026-06,3,2,1,12.02,4.006666666666667,2.692957746478873,0.6666666666666666,9.559999999999999,-7.1,1,0.1417069500273507,-7.1
utc_hour,16,2026-07,3,1,2,-8.48,-2.826666666666666,0.4629512349588348,0.3333333333333333,7.3100000000000005,-7.895,2,0.3153389744194162,-15.79
utc_hour,16,2026-08,2,2,0,14.88,7.44,,1.0,7.44,,0,0.0,0.0
utc_hour,17,ALL,2,1,1,0.13,0.0649999999999995,1.0129224652087474,0.5,10.19,-10.06,1,0.201200000000008,-10.06
utc_hour,17,BUY,2,1,1,0.13,0.0649999999999995,1.0129224652087474,0.5,10.19,-10.06,1,0.201200000000008,-10.06
utc_hour,17,SELL,0,0,0,0.0,,,,,,0,0.0,0.0
utc_hour,17,2026-06,0,0,0,0.0,,,,,,0,0.0,0.0
utc_hour,17,2026-07,2,1,1,0.13,0.0649999999999995,1.0129224652087474,0.5,10.19,-10.06,1,0.201200000000008,-10.06
utc_hour,17,2026-08,0,0,0,0.0,,,,,,0,0.0,0.0
utc_hour,18,ALL,13,6,7,-13.29,-1.0223076923076928,0.7863687510046614,0.46153846153846156,8.153333333333332,-8.887142857142859,3,0.5652000000000226,-55.9
utc_hour,18,BUY,11,5,6,-12.47,-1.1336363636363644,0.7662605435801311,0.45454545454545453,8.175999999999998,-8.891666666666667,3,0.5344133435583048,-53.35
utc_hour,18,SELL,2,1,1,-0.82,-0.41000000000000103,0.9074492099322797,0.5,8.04,-8.860000000000001,1,0.17719999999999345,-8.86
utc_hour,18,2026-06,3,1,2,-11.43,-3.81,0.39169771154869615,0.3333333333333333,7.36,-9.395,1,0.22860000000000583,-18.79
utc_hour,18,2026-07,8,5,3,15.12,1.8899999999999988,1.571860816944024,0.625,8.312,-8.813333333333334,2,0.3366000000000168,-26.44
utc_hour,18,2026-08,2,0,2,-16.98,-8.490000000000002,0.0,0.0,,-8.490000000000002,2,0.33960000000000945,-16.98
utc_hour,19,ALL,12,4,8,-23.23,-1.935833333333333,0.5557467967106522,0.3333333333333333,7.265000000000001,-6.536249999999999,3,0.4928000000000065,-52.29
utc_hour,19,BUY,5,3,2,10.79,2.1580000000000004,1.8932119205298017,0.6,7.623333333333335,-6.039999999999999,1,0.13999999999999999,-12.08
utc_hour,19,SELL,7,1,6,-34.02,-4.859999999999999,0.1539418055210147,0.14285714285714285,6.19,-6.701666666666665,5,0.6804000000000087,-40.21
utc_hour,19,2026-06,5,1,4,-18.43,-3.686,0.251421608448416,0.2,6.19,-6.154999999999999,3,0.3686000000000058,-24.62
utc_hour,19,2026-07,5,2,3,-6.21,-1.2419999999999995,0.7250996015936256,0.4,8.190000000000001,-7.53,3,0.45032473616432855,-22.59
utc_hour,19,2026-08,2,1,1,1.41,0.7050000000000005,1.2775590551181104,0.5,6.49,-5.079999999999999,1,0.1014682941541864,-5.08
utc_hour,2,ALL,18,9,9,1.05,0.05833333333333362,1.015625,0.5,7.583333333333333,-7.466666666666667,6,0.8951999999999861,-39.79
utc_hour,2,BUY,10,5,5,-1.33,-0.13299999999999973,0.9657128125805621,0.5,7.492,-7.758,5,0.7757999999999993,-38.79
utc_hour,2,SELL,8,4,4,2.38,0.2975000000000001,1.083773319253784,0.5,7.6975,-7.102500000000001,2,0.28625725624216775,-28.41
utc_hour,2,2026-06,7,1,6,-37.73,-5.39,0.15705987488829312,0.14285714285714285,7.03,-7.46,6,0.8951999999999861,-44.76
utc_hour,2,2026-07,5,4,1,22.16,4.432,3.7358024691358027,0.8,7.565000000000001,-8.1,1,0.16146651463565106,-8.1
utc_hour,2,2026-08,6,4,2,16.62,2.770000000000001,2.1589958158995817,0.6666666666666666,7.74,-7.17,1,0.17340000000000147,-14.34
utc_hour,20,ALL,18,10,8,20.28,1.126666666666667,1.3654054054054054,0.5555555555555556,7.578,-6.9375,2,0.2922164880455052,-23.82
utc_hour,20,BUY,8,5,3,17.8,2.225,1.8083560399636693,0.625,7.964,-7.34,2,0.2872393088690759,-22.02
utc_hour,20,SELL,10,5,5,2.48,0.2480000000000003,1.0740740740740742,0.5,7.192,-6.696,2,0.25553237575237686,-33.48
utc_hour,20,2026-06,8,4,4,2.01,0.25125,1.0681355932203391,0.5,7.8775,-7.375,2,0.2922164880455052,-29.5
utc_hour,20,2026-07,3,2,1,11.24,3.746666666666666,3.0179533213644527,0.6666666666666666,8.405,-5.569999999999999,1,0.11139999999999418,-5.57
utc_hour,20,2026-08,7,4,3,7.03,1.0042857142857147,1.3441018110621636,0.5714285714285714,6.865,-6.81,1,0.15215388480974001,-20.43
utc_hour,21,ALL,16,7,9,-19.75,-1.2343749999999996,0.7148014440433214,0.4375,7.07142857142857,-7.694444444444445,7,1.1206446496391156,-58.46
utc_hour,21,BUY,9,1,8,-53.87,-5.985555555555554,0.11731935113878422,0.1111111111111111,7.16,-7.628749999999999,8,1.2205999999999768,-61.03
utc_hour,21,SELL,7,6,1,34.12,4.874285714285714,5.150851581508517,0.8571428571428571,7.056666666666666,-8.219999999999999,1,0.16336914072204894,-3.0
utc_hour,21,2026-06,4,3,1,18.54,4.635,4.224347826086956,0.75,8.096666666666666,-5.75,1,0.11480231042145425,-5.75
utc_hour,21,2026-07,6,1,5,-36.54,-6.09,0.16575342465753426,0.16666666666666666,7.26,-8.76,4,0.7307999999999992,-43.8
utc_hour,21,2026-08,6,3,3,-1.75,-0.29166666666666635,0.9111675126903555,0.5,5.983333333333334,-6.566666666666666,3,0.39399999999997815,-19.7
utc_hour,22,ALL,15,9,6,27.7,1.846666666666667,1.679421142997302,0.6,7.607777777777778,-6.794999999999999,2,0.27576463827341224,-16.57
utc_hour,22,BUY,8,4,4,9.38,1.1725,1.3581519663993893,0.5,8.8925,-6.547499999999999,2,0.27200000000000724,-26.19
utc_hour,22,SELL,7,5,2,18.32,2.617142857142857,2.2565157750342935,0.7142857142857143,6.58,-7.29,1,0.1741021983888531,-14.58
utc_hour,22,2026-06,9,5,4,4.72,0.5244444444444447,1.1674946770759402,0.5555555555555556,6.58,-7.044999999999999,2,0.27576463827341224,-28.18
utc_hour,22,2026-07,2,1,1,3.79,1.8950000000000005,1.6779964221824688,0.5,9.38,-5.59,1,0.1115906559294792,-5.59
utc_hour,22,2026-08,4,3,1,19.19,4.797499999999999,3.741428571428571,0.75,8.729999999999999,-7.0,1,0.1398190741180912,-7.0
utc_hour,23,ALL,20,10,10,26.33,1.3165,1.2632736726327367,0.5,12.634,-10.001,7,1.6897622359562894,-67.7
utc_hour,23,BUY,11,5,6,12.51,1.1372727272727283,1.1672907194437017,0.45454545454545453,17.458000000000002,-12.463333333333331,6,1.4699378254434041,-74.78
utc_hour,23,SELL,9,5,4,13.82,1.535555555555556,1.5477606024573922,0.5555555555555556,7.8100000000000005,-6.3075,2,0.35147917466008866,-25.23
utc_hour,23,2026-06,4,4,0,79.56,19.89,,1.0,19.89,,0,0.0,0.0
utc_hour,23,2026-07,12,5,7,-47.6,-3.9666666666666663,0.4432748538011696,0.4166666666666667,7.580000000000001,-12.214285714285714,6,1.5781597476852058,-85.5
utc_hour,23,2026-08,4,1,3,-5.63,-1.4074999999999998,0.6119917298414886,0.25,8.88,-4.836666666666667,2,0.15094203825731284,-14.51
utc_hour,3,ALL,12,5,7,-13.08,-1.0899999999999999,0.7364497279871046,0.4166666666666667,7.3100000000000005,-7.089999999999999,6,0.8519999999999891,-49.63
utc_hour,3,BUY,5,3,2,6.59,1.3180000000000005,1.4224358974358977,0.6,7.396666666666667,-7.799999999999999,2,0.31199999999998906,-15.6
utc_hour,3,SELL,7,2,5,-19.67,-2.8099999999999996,0.4219806053482221,0.2857142857142857,7.18,-6.806,4,0.54,-34.03
utc_hour,3,2026-06,4,0,4,-29.26,-7.3149999999999995,0.0,0.0,,-7.3149999999999995,4,0.5852000000000044,-29.26
utc_hour,3,2026-07,2,0,2,-13.34,-6.67,0.0,0.0,,-6.67,2,0.2667999999999847,-13.34
utc_hour,3,2026-08,6,5,1,29.52,4.920000000000001,5.199146514935989,0.8333333333333334,7.3100000000000005,-7.029999999999999,1,0.13957967259333762,-7.03
utc_hour,4,ALL,16,5,11,-46.52,-2.9075000000000006,0.4896324739440482,0.3125,8.925999999999998,-8.286363636363635,8,1.3300711832544845,-91.15
utc_hour,4,BUY,5,1,4,-23.18,-4.636,0.2823529411764706,0.2,9.12,-8.075,4,0.6459999999999855,-32.3
utc_hour,4,SELL,11,4,7,-23.34,-2.121818181818182,0.6033984706881903,0.36363636363636365,8.8775,-8.407142857142857,6,0.9858322672550707,-58.85
utc_hour,4,2026-06,8,4,4,1.73,0.2162499999999996,1.051213735938425,0.5,8.8775,-8.445,1,0.18566098304496353,-33.78
utc_hour,4,2026-07,6,0,6,-50.27,-8.378333333333332,0.0,0.0,,-8.378333333333332,6,1.0054000000000087,-50.27
utc_hour,4,2026-08,2,1,1,2.02,1.0099999999999998,1.2845070422535212,0.5,9.12,-7.1,1,0.14200000000000726,-7.1
utc_hour,5,ALL,13,10,3,56.29,4.33,3.2100510404397333,0.7692307692307693,8.175999999999998,-8.49,1,0.18615320230885818,12.18
utc_hour,5,BUY,7,5,2,22.88,3.268571428571429,2.3766546329723224,0.7142857142857143,7.9,-8.31,1,0.18738909168950824,-16.62
utc_hour,5,SELL,6,5,1,33.41,5.568333333333334,4.7751412429378535,0.8333333333333334,8.452000000000002,-8.85,1,0.17700000000000726,-8.85
utc_hour,5,2026-06,2,1,1,-1.0,-0.49999999999999956,0.8870056497175142,0.5,7.8500000000000005,-8.85,1,0.17700000000000726,-8.85
utc_hour,5,2026-07,9,8,1,58.61,6.512222222222222,8.226880394574598,0.8888888888888888,8.34,-8.110000000000001,1,0.16006410458836628,14.5
utc_hour,5,2026-08,2,1,1,-1.32,-0.6599999999999997,0.8448883666274971,0.5,7.19,-8.51,1,0.16995560384168004,-8.51
utc_hour,6,ALL,16,8,8,-5.46,-0.3412499999999995,0.8997797356828194,0.5,6.1274999999999995,-6.81,3,0.44004049011406243,-38.36
utc_hour,6,BUY,8,5,3,6.35,0.7937500000000002,1.269296013570823,0.625,5.986000000000001,-7.859999999999999,2,0.3253231802732896,-23.58
utc_hour,6,SELL,8,3,5,-11.81,-1.4762499999999994,0.6177993527508091,0.375,6.363333333333333,-6.18,2,0.2815999999999986,-30.9
utc_hour,6,2026-06,3,1,2,-8.46,-2.82,0.39914772727272735,0.3333333333333333,5.62,-7.039999999999999,1,0.16920000000000074,-14.08
utc_hour,6,2026-07,5,3,2,5.37,1.0740000000000003,1.4055891238670697,0.6,6.203333333333333,-6.619999999999999,1,0.14504451228283716,-13.24
utc_hour,6,2026-08,8,4,4,-2.37,-0.2962499999999998,0.912739322533137,0.5,6.1975,-6.789999999999999,3,0.4397691810396423,-27.16
utc_hour,7,ALL,20,12,8,21.8,1.0899999999999999,1.3687415426251692,0.6,6.743333333333333,-7.39,3,0.4697925016650015,-18.37
utc_hour,7,BUY,7,3,4,-15.15,-2.164285714285714,0.5656536697247707,0.42857142857142855,6.576666666666667,-8.72,2,0.32393197428539644,-34.88
utc_hour,7,SELL,13,9,4,36.95,2.8423076923076924,2.5243399339934,0.6923076923076923,6.7988888888888885,-6.0600000000000005,2,0.2612173926914854,-2.42
utc_hour,7,2026-06,6,3,3,-3.18,-0.5299999999999994,0.8649681528662422,0.5,6.79,-7.849999999999999,3,0.46959309907517444,-23.55
utc_hour,7,2026-07,7,5,2,24.54,3.5057142857142862,3.200896860986547,0.7142857142857143,7.138,-5.574999999999999,2,0.22274384457872717,-11.15
utc_hour,7,2026-08,7,4,3,0.44,0.06285714285714304,1.0180180180180178,0.5714285714285714,6.215,-8.14,2,0.32324554489820395,-24.42
utc_hour,8,ALL,20,9,11,-24.65,-1.2324999999999995,0.7334558823529412,0.45,7.536666666666666,-8.407272727272726,3,1.0407876230661057,-66.19
utc_hour,8,BUY,10,3,7,-36.49,-3.6489999999999996,0.39264314247669774,0.3,7.863333333333333,-8.582857142857142,4,0.8681999999999971,-60.08
utc_hour,8,SELL,10,6,4,11.84,1.1840000000000004,1.3654320987654323,0.6,7.373333333333334,-8.1,2,0.37589568894631964,-26.21
utc_hour,8,2026-06,5,3,2,4.15,0.8300000000000001,1.2240820734341253,0.6,7.5566666666666675,-9.26,1,0.2023999999999978,-18.52
utc_hour,8,2026-07,6,2,4,-20.14,-3.356666666666666,0.4623598505072078,0.3333333333333333,8.66,-9.364999999999998,2,0.59,-37.46
utc_hour,8,2026-08,9,4,5,-8.66,-0.9622222222222219,0.7627397260273973,0.4444444444444444,6.960000000000001,-7.3,3,0.4726000000000022,-36.5
utc_hour,9,ALL,24,11,13,-14.36,-0.598333333333333,0.8468266666666667,0.4583333333333333,7.217272727272729,-7.211538461538462,5,0.8985216647764561,-56.31
utc_hour,9,BUY,14,6,8,-13.41,-0.9578571428571425,0.7592027293948644,0.42857142857142855,7.046666666666667,-6.96125,3,0.538237631115548,-50.4
utc_hour,9,SELL,10,5,5,-0.95,-0.09499999999999939,0.9750394114555966,0.5,7.422,-7.611999999999999,4,0.6315902797299051,-38.06
utc_hour,9,2026-06,7,4,3,8.05,1.1500000000000004,1.3472821397756687,0.5714285714285714,7.807500000000001,-7.726666666666667,1,0.18097996264796662,-23.18
utc_hour,9,2026-07,9,3,6,-24.05,-2.672222222222222,0.43939393939393945,0.3333333333333333,6.283333333333334,-7.1499999999999995,5,0.7412555015056731,-42.9
utc_hour,9,2026-08,8,4,4,1.64,0.20500000000000007,1.0592699674737984,0.5,7.327500000000001,-6.9174999999999995,2,0.23899999999999638,-27.67
broker_hour,0,ALL,16,7,9,-19.75,-1.2343749999999996,0.7148014440433214,0.4375,7.07142857142857,-7.694444444444445,7,1.1206446496391156,-58.46
broker_hour,0,BUY,9,1,8,-53.87,-5.985555555555554,0.11731935113878422,0.1111111111111111,7.16,-7.628749999999999,8,1.2205999999999768,-61.03
broker_hour,0,SELL,7,6,1,34.12,4.874285714285714,5.150851581508517,0.8571428571428571,7.056666666666666,-8.219999999999999,1,0.16336914072204894,-3.0
broker_hour,0,2026-06,4,3,1,18.54,4.635,4.224347826086956,0.75,8.096666666666666,-5.75,1,0.11480231042145425,-5.75
broker_hour,0,2026-07,6,1,5,-36.54,-6.09,0.16575342465753426,0.16666666666666666,7.26,-8.76,4,0.7307999999999992,-43.8
broker_hour,0,2026-08,6,3,3,-1.75,-0.29166666666666635,0.9111675126903555,0.5,5.983333333333334,-6.566666666666666,3,0.39399999999997815,-19.7
broker_hour,1,ALL,15,9,6,27.7,1.846666666666667,1.679421142997302,0.6,7.607777777777778,-6.794999999999999,2,0.27576463827341224,-16.57
broker_hour,1,BUY,8,4,4,9.38,1.1725,1.3581519663993893,0.5,8.8925,-6.547499999999999,2,0.27200000000000724,-26.19
broker_hour,1,SELL,7,5,2,18.32,2.617142857142857,2.2565157750342935,0.7142857142857143,6.58,-7.29,1,0.1741021983888531,-14.58
broker_hour,1,2026-06,9,5,4,4.72,0.5244444444444447,1.1674946770759402,0.5555555555555556,6.58,-7.044999999999999,2,0.27576463827341224,-28.18
broker_hour,1,2026-07,2,1,1,3.79,1.8950000000000005,1.6779964221824688,0.5,9.38,-5.59,1,0.1115906559294792,-5.59
broker_hour,1,2026-08,4,3,1,19.19,4.797499999999999,3.741428571428571,0.75,8.729999999999999,-7.0,1,0.1398190741180912,-7.0
broker_hour,10,ALL,20,12,8,21.8,1.0899999999999999,1.3687415426251692,0.6,6.743333333333333,-7.39,3,0.4697925016650015,-18.37
broker_hour,10,BUY,7,3,4,-15.15,-2.164285714285714,0.5656536697247707,0.42857142857142855,6.576666666666667,-8.72,2,0.32393197428539644,-34.88
broker_hour,10,SELL,13,9,4,36.95,2.8423076923076924,2.5243399339934,0.6923076923076923,6.7988888888888885,-6.0600000000000005,2,0.2612173926914854,-2.42
broker_hour,10,2026-06,6,3,3,-3.18,-0.5299999999999994,0.8649681528662422,0.5,6.79,-7.849999999999999,3,0.46959309907517444,-23.55
broker_hour,10,2026-07,7,5,2,24.54,3.5057142857142862,3.200896860986547,0.7142857142857143,7.138,-5.574999999999999,2,0.22274384457872717,-11.15
broker_hour,10,2026-08,7,4,3,0.44,0.06285714285714304,1.0180180180180178,0.5714285714285714,6.215,-8.14,2,0.32324554489820395,-24.42
broker_hour,11,ALL,20,9,11,-24.65,-1.2324999999999995,0.7334558823529412,0.45,7.536666666666666,-8.407272727272726,3,1.0407876230661057,-66.19
broker_hour,11,BUY,10,3,7,-36.49,-3.6489999999999996,0.39264314247669774,0.3,7.863333333333333,-8.582857142857142,4,0.8681999999999971,-60.08
broker_hour,11,SELL,10,6,4,11.84,1.1840000000000004,1.3654320987654323,0.6,7.373333333333334,-8.1,2,0.37589568894631964,-26.21
broker_hour,11,2026-06,5,3,2,4.15,0.8300000000000001,1.2240820734341253,0.6,7.5566666666666675,-9.26,1,0.2023999999999978,-18.52
broker_hour,11,2026-07,6,2,4,-20.14,-3.356666666666666,0.4623598505072078,0.3333333333333333,8.66,-9.364999999999998,2,0.59,-37.46
broker_hour,11,2026-08,9,4,5,-8.66,-0.9622222222222219,0.7627397260273973,0.4444444444444444,6.960000000000001,-7.3,3,0.4726000000000022,-36.5
broker_hour,12,ALL,24,11,13,-14.36,-0.598333333333333,0.8468266666666667,0.4583333333333333,7.217272727272729,-7.211538461538462,5,0.8985216647764561,-56.31
broker_hour,12,BUY,14,6,8,-13.41,-0.9578571428571425,0.7592027293948644,0.42857142857142855,7.046666666666667,-6.96125,3,0.538237631115548,-50.4
broker_hour,12,SELL,10,5,5,-0.95,-0.09499999999999939,0.9750394114555966,0.5,7.422,-7.611999999999999,4,0.6315902797299051,-38.06
broker_hour,12,2026-06,7,4,3,8.05,1.1500000000000004,1.3472821397756687,0.5714285714285714,7.807500000000001,-7.726666666666667,1,0.18097996264796662,-23.18
broker_hour,12,2026-07,9,3,6,-24.05,-2.672222222222222,0.43939393939393945,0.3333333333333333,6.283333333333334,-7.1499999999999995,5,0.7412555015056731,-42.9
broker_hour,12,2026-08,8,4,4,1.64,0.20500000000000007,1.0592699674737984,0.5,7.327500000000001,-6.9174999999999995,2,0.23899999999999638,-27.67
broker_hour,13,ALL,20,15,5,66.76,3.338,3.0322678843226787,0.75,6.640666666666666,-6.5699999999999985,2,0.2890380099882038,26.49
broker_hour,13,BUY,8,6,2,21.64,2.7050000000000005,2.6053412462908017,0.75,5.853333333333334,-6.74,2,0.26893680184665564,-8.56
broker_hour,13,SELL,12,9,3,45.12,3.760000000000001,3.329375322663914,0.75,7.165555555555557,-6.456666666666666,2,0.2617644835720878,5.11
broker_hour,13,2026-06,8,6,2,33.94,4.242500000000001,3.8236272878535775,0.75,7.660000000000001,-6.01,1,0.12337707491034873,-6.33
broker_hour,13,2026-07,7,4,3,2.79,0.39857142857142885,1.1339414306289008,0.5714285714285714,5.905,-6.9433333333333325,2,0.29100000000000364,-20.83
broker_hour,13,2026-08,5,5,0,30.03,6.006,,1.0,6.006,,0,0.0,0.0
broker_hour,14,ALL,13,9,4,41.0,3.1538461538461537,2.699129714048902,0.6923076923076923,7.236666666666666,-6.0325,2,0.2697571787812166,-0.46
broker_hour,14,BUY,6,4,2,12.56,2.0933333333333337,1.9450714823175321,0.6666666666666666,6.4625,-6.645,1,0.15975812619693786,-13.29
broker_hour,14,SELL,7,5,2,28.44,4.062857142857142,3.623616236162362,0.7142857142857143,7.856,-5.42,1,0.1108925556652699,-10.84
broker_hour,14,2026-06,4,4,0,30.45,7.612499999999999,,1.0,7.612499999999999,,0,0.0,0.0
broker_hour,14,2026-07,5,3,2,8.34,1.6680000000000004,1.6145910095799558,0.6,7.303333333333334,-6.785,2,0.27139999999999415,-13.57
broker_hour,14,2026-08,4,2,2,2.21,0.5525,1.2092803030303032,0.5,6.385,-5.279999999999999,2,0.21066196933033832,-10.56
broker_hour,15,ALL,15,9,6,33.15,2.2100000000000004,1.7999517374517375,0.6,8.287777777777778,-6.906666666666666,3,0.3982000000000153,-12.61
broker_hour,15,BUY,7,4,3,13.48,1.9257142857142864,1.6169336384439361,0.5714285714285714,8.8325,-7.283333333333334,2,0.2504000000000087,-21.85
broker_hour,15,SELL,8,5,3,19.67,2.45875,2.0040837161817255,0.625,7.852000000000001,-6.53,1,0.14780000000000654,-19.59
broker_hour,15,2026-06,6,3,3,0.87,0.14500000000000002,1.043696634856856,0.5,6.926666666666667,-6.636666666666667,3,0.3982000000000153,-19.91
broker_hour,15,2026-07,5,4,1,29.56,5.912000000000001,5.186968838526913,0.8,9.155000000000001,-7.06,1,0.141200000000008,-7.06
broker_hour,15,2026-08,4,2,2,2.72,0.6799999999999997,1.1879751209398755,0.5,8.594999999999999,-7.234999999999999,2,0.2894000000000051,-14.47
broker_hour,16,ALL,18,8,10,-5.5,-0.3055555555555551,0.9226332817555212,0.4444444444444444,8.19875,-7.108999999999999,4,0.6364000000000305,-52.66
broker_hour,16,BUY,9,5,4,19.24,2.1377777777777784,1.829667960327728,0.5555555555555556,8.486,-5.797499999999999,1,0.12215145983947165,-23.19
broker_hour,16,SELL,9,3,6,-24.74,-2.7488888888888883,0.48350730688935284,0.3333333333333333,7.72,-7.983333333333332,3,0.6832000000000154,-47.9
broker_hour,16,2026-06,2,0,2,-13.13,-6.5649999999999995,0.0,0.0,,-6.5649999999999995,2,0.2626000000000022,-13.13
broker_hour,16,2026-07,10,4,6,-10.89,-1.0889999999999997,0.7526686350215762,0.4,8.285,-7.338333333333334,3,0.4916206915823701,-44.03
broker_hour,16,2026-08,6,4,2,18.52,3.0866666666666673,2.3295046661880834,0.6666666666666666,8.1125,-6.965,1,0.15600000000000364,-13.93
broker_hour,17,ALL,16,6,10,-37.4,-2.3374999999999995,0.5251396648044693,0.375,6.893333333333334,-7.876,3,1.0572948961546156,-73.54
broker_hour,17,BUY,5,3,2,3.95,0.7900000000000003,1.2399756986634267,0.6,6.803333333333335,-8.23,1,0.19267553718777197,-16.46
broker_hour,17,SELL,11,3,8,-41.35,-3.7590909090909084,0.33627608346709476,0.2727272727272727,6.983333333333334,-7.7875000000000005,4,0.9610986723975714,-62.3
broker_hour,17,2026-06,5,3,2,8.62,1.7240000000000006,1.5604681404421328,0.6,8.000000000000002,-7.69,1,0.16739999999999783,-15.38
broker_hour,17,2026-07,7,2,5,-27.53,-3.932857142857142,0.30602470380640284,0.2857142857142857,6.07,-7.933999999999999,2,0.550599999999995,-39.67
broker_hour,17,2026-08,4,1,3,-18.49,-4.6225,0.22016026992830032,0.25,5.220000000000001,-7.903333333333333,3,0.4737054515086257,-23.71
broker_hour,18,ALL,18,5,13,-56.03,-3.1127777777777776,0.3738965247513689,0.2777777777777778,6.692,-6.883846153846154,5,1.247199999999957,-89.49
broker_hour,18,BUY,10,2,8,-38.71,-3.8709999999999987,0.28815741081279883,0.2,7.835,-6.797499999999999,6,0.8079253053961442,-54.38
broker_hour,18,SELL,8,3,5,-17.32,-2.1649999999999996,0.5066932497863856,0.375,5.93,-7.022,3,0.4729999999999927,-35.11
broker_hour,18,2026-06,9,3,6,-17.76,-1.9733333333333327,0.5534322353532815,0.3333333333333333,7.336666666666667,-6.628333333333333,4,0.5283999999999832,-39.77
broker_hour,18,2026-07,3,1,2,-8.34,-2.78,0.38038632986627047,0.3333333333333333,5.12,-6.7299999999999995,2,0.2692000000000007,-13.46
broker_hour,18,2026-08,6,1,5,-29.93,-4.988333333333333,0.17457253171538886,0.16666666666666666,6.33,-7.252,5,0.7251999999999862,-36.26
broker_hour,19,ALL,8,5,3,18.42,2.3025,1.8047182175622543,0.625,8.262,-7.63,2,0.31458381895593385,-22.89
broker_hour,19,BUY,4,2,2,0.01,0.002500000000000391,1.000672494956288,0.5,7.44,-7.435,2,0.297400000000016,-14.87
broker_hour,19,SELL,4,3,1,18.41,4.6025,3.2955112219451372,0.75,8.81,-8.02,1,0.1595565838975264,-8.02
broker_hour,19,2026-06,3,2,1,12.02,4.006666666666667,2.692957746478873,0.6666666666666666,9.559999999999999,-7.1,1,0.1417069500273507,-7.1
broker_hour,19,2026-07,3,1,2,-8.48,-2.826666666666666,0.4629512349588348,0.3333333333333333,7.3100000000000005,-7.895,2,0.3153389744194162,-15.79
broker_hour,19,2026-08,2,2,0,14.88,7.44,,1.0,7.44,,0,0.0,0.0
broker_hour,2,ALL,20,10,10,26.33,1.3165,1.2632736726327367,0.5,12.634,-10.001,7,1.6897622359562894,-67.7
broker_hour,2,BUY,11,5,6,12.51,1.1372727272727283,1.1672907194437017,0.45454545454545453,17.458000000000002,-12.463333333333331,6,1.4699378254434041,-74.78
broker_hour,2,SELL,9,5,4,13.82,1.535555555555556,1.5477606024573922,0.5555555555555556,7.8100000000000005,-6.3075,2,0.35147917466008866,-25.23
broker_hour,2,2026-06,4,4,0,79.56,19.89,,1.0,19.89,,0,0.0,0.0
broker_hour,2,2026-07,12,5,7,-47.6,-3.9666666666666663,0.4432748538011696,0.4166666666666667,7.580000000000001,-12.214285714285714,6,1.5781597476852058,-85.5
broker_hour,2,2026-08,4,1,3,-5.63,-1.4074999999999998,0.6119917298414886,0.25,8.88,-4.836666666666667,2,0.15094203825731284,-14.51
broker_hour,20,ALL,2,1,1,0.13,0.0649999999999995,1.0129224652087474,0.5,10.19,-10.06,1,0.201200000000008,-10.06
broker_hour,20,BUY,2,1,1,0.13,0.0649999999999995,1.0129224652087474,0.5,10.19,-10.06,1,0.201200000000008,-10.06
broker_hour,20,SELL,0,0,0,0.0,,,,,,0,0.0,0.0
broker_hour,20,2026-06,0,0,0,0.0,,,,,,0,0.0,0.0
broker_hour,20,2026-07,2,1,1,0.13,0.0649999999999995,1.0129224652087474,0.5,10.19,-10.06,1,0.201200000000008,-10.06
broker_hour,20,2026-08,0,0,0,0.0,,,,,,0,0.0,0.0
broker_hour,21,ALL,13,6,7,-13.29,-1.0223076923076928,0.7863687510046614,0.46153846153846156,8.153333333333332,-8.887142857142859,3,0.5652000000000226,-55.9
broker_hour,21,BUY,11,5,6,-12.47,-1.1336363636363644,0.7662605435801311,0.45454545454545453,8.175999999999998,-8.891666666666667,3,0.5344133435583048,-53.35
broker_hour,21,SELL,2,1,1,-0.82,-0.41000000000000103,0.9074492099322797,0.5,8.04,-8.860000000000001,1,0.17719999999999345,-8.86
broker_hour,21,2026-06,3,1,2,-11.43,-3.81,0.39169771154869615,0.3333333333333333,7.36,-9.395,1,0.22860000000000583,-18.79
broker_hour,21,2026-07,8,5,3,15.12,1.8899999999999988,1.571860816944024,0.625,8.312,-8.813333333333334,2,0.3366000000000168,-26.44
broker_hour,21,2026-08,2,0,2,-16.98,-8.490000000000002,0.0,0.0,,-8.490000000000002,2,0.33960000000000945,-16.98
broker_hour,22,ALL,12,4,8,-23.23,-1.935833333333333,0.5557467967106522,0.3333333333333333,7.265000000000001,-6.536249999999999,3,0.4928000000000065,-52.29
broker_hour,22,BUY,5,3,2,10.79,2.1580000000000004,1.8932119205298017,0.6,7.623333333333335,-6.039999999999999,1,0.13999999999999999,-12.08
broker_hour,22,SELL,7,1,6,-34.02,-4.859999999999999,0.1539418055210147,0.14285714285714285,6.19,-6.701666666666665,5,0.6804000000000087,-40.21
broker_hour,22,2026-06,5,1,4,-18.43,-3.686,0.251421608448416,0.2,6.19,-6.154999999999999,3,0.3686000000000058,-24.62
broker_hour,22,2026-07,5,2,3,-6.21,-1.2419999999999995,0.7250996015936256,0.4,8.190000000000001,-7.53,3,0.45032473616432855,-22.59
broker_hour,22,2026-08,2,1,1,1.41,0.7050000000000005,1.2775590551181104,0.5,6.49,-5.079999999999999,1,0.1014682941541864,-5.08
broker_hour,23,ALL,18,10,8,20.28,1.126666666666667,1.3654054054054054,0.5555555555555556,7.578,-6.9375,2,0.2922164880455052,-23.82
broker_hour,23,BUY,8,5,3,17.8,2.225,1.8083560399636693,0.625,7.964,-7.34,2,0.2872393088690759,-22.02
broker_hour,23,SELL,10,5,5,2.48,0.2480000000000003,1.0740740740740742,0.5,7.192,-6.696,2,0.25553237575237686,-33.48
broker_hour,23,2026-06,8,4,4,2.01,0.25125,1.0681355932203391,0.5,7.8775,-7.375,2,0.2922164880455052,-29.5
broker_hour,23,2026-07,3,2,1,11.24,3.746666666666666,3.0179533213644527,0.6666666666666666,8.405,-5.569999999999999,1,0.11139999999999418,-5.57
broker_hour,23,2026-08,7,4,3,7.03,1.0042857142857147,1.3441018110621636,0.5714285714285714,6.865,-6.81,1,0.15215388480974001,-20.43
broker_hour,4,ALL,21,12,9,26.61,1.2671428571428573,1.3715442613795032,0.5714285714285714,8.185833333333333,-7.9577777777777765,3,0.6632285919884923,-19.4
broker_hour,4,BUY,13,10,3,57.11,4.393076923076924,3.4056444818871108,0.7692307692307693,8.084999999999999,-7.913333333333333,1,0.16479999999999564,12.34
broker_hour,4,SELL,8,2,6,-30.5,-3.8124999999999996,0.3629908103592314,0.25,8.69,-7.98,3,0.6656272487407088,-47.88
broker_hour,4,2026-06,4,1,3,-14.96,-3.7399999999999993,0.3777038269550749,0.25,9.08,-8.013333333333334,2,0.3550011993283805,-24.04
broker_hour,4,2026-07,7,3,4,-8.54,-1.2199999999999995,0.7408980582524273,0.42857142857142855,8.14,-8.24,2,0.31554183325811286,-32.96
broker_hour,4,2026-08,10,8,2,50.11,5.010999999999999,4.42749658002736,0.8,8.09125,-7.3100000000000005,1,0.1530294492719195,6.72
broker_hour,5,ALL,18,9,9,1.05,0.05833333333333362,1.015625,0.5,7.583333333333333,-7.466666666666667,6,0.8951999999999861,-39.79
broker_hour,5,BUY,10,5,5,-1.33,-0.13299999999999973,0.9657128125805621,0.5,7.492,-7.758,5,0.7757999999999993,-38.79
broker_hour,5,SELL,8,4,4,2.38,0.2975000000000001,1.083773319253784,0.5,7.6975,-7.102500000000001,2,0.28625725624216775,-28.41
broker_hour,5,2026-06,7,1,6,-37.73,-5.39,0.15705987488829312,0.14285714285714285,7.03,-7.46,6,0.8951999999999861,-44.76
broker_hour,5,2026-07,5,4,1,22.16,4.432,3.7358024691358027,0.8,7.565000000000001,-8.1,1,0.16146651463565106,-8.1
broker_hour,5,2026-08,6,4,2,16.62,2.770000000000001,2.1589958158995817,0.6666666666666666,7.74,-7.17,1,0.17340000000000147,-14.34
broker_hour,6,ALL,12,5,7,-13.08,-1.0899999999999999,0.7364497279871046,0.4166666666666667,7.3100000000000005,-7.089999999999999,6,0.8519999999999891,-49.63
broker_hour,6,BUY,5,3,2,6.59,1.3180000000000005,1.4224358974358977,0.6,7.396666666666667,-7.799999999999999,2,0.31199999999998906,-15.6
broker_hour,6,SELL,7,2,5,-19.67,-2.8099999999999996,0.4219806053482221,0.2857142857142857,7.18,-6.806,4,0.54,-34.03
broker_hour,6,2026-06,4,0,4,-29.26,-7.3149999999999995,0.0,0.0,,-7.3149999999999995,4,0.5852000000000044,-29.26
broker_hour,6,2026-07,2,0,2,-13.34,-6.67,0.0,0.0,,-6.67,2,0.2667999999999847,-13.34
broker_hour,6,2026-08,6,5,1,29.52,4.920000000000001,5.199146514935989,0.8333333333333334,7.3100000000000005,-7.029999999999999,1,0.13957967259333762,-7.03
broker_hour,7,ALL,16,5,11,-46.52,-2.9075000000000006,0.4896324739440482,0.3125,8.925999999999998,-8.286363636363635,8,1.3300711832544845,-91.15
broker_hour,7,BUY,5,1,4,-23.18,-4.636,0.2823529411764706,0.2,9.12,-8.075,4,0.6459999999999855,-32.3
broker_hour,7,SELL,11,4,7,-23.34,-2.121818181818182,0.6033984706881903,0.36363636363636365,8.8775,-8.407142857142857,6,0.9858322672550707,-58.85
broker_hour,7,2026-06,8,4,4,1.73,0.2162499999999996,1.051213735938425,0.5,8.8775,-8.445,1,0.18566098304496353,-33.78
broker_hour,7,2026-07,6,0,6,-50.27,-8.378333333333332,0.0,0.0,,-8.378333333333332,6,1.0054000000000087,-50.27
broker_hour,7,2026-08,2,1,1,2.02,1.0099999999999998,1.2845070422535212,0.5,9.12,-7.1,1,0.14200000000000726,-7.1
broker_hour,8,ALL,13,10,3,56.29,4.33,3.2100510404397333,0.7692307692307693,8.175999999999998,-8.49,1,0.18615320230885818,12.18
broker_hour,8,BUY,7,5,2,22.88,3.268571428571429,2.3766546329723224,0.7142857142857143,7.9,-8.31,1,0.18738909168950824,-16.62
broker_hour,8,SELL,6,5,1,33.41,5.568333333333334,4.7751412429378535,0.8333333333333334,8.452000000000002,-8.85,1,0.17700000000000726,-8.85
broker_hour,8,2026-06,2,1,1,-1.0,-0.49999999999999956,0.8870056497175142,0.5,7.8500000000000005,-8.85,1,0.17700000000000726,-8.85
broker_hour,8,2026-07,9,8,1,58.61,6.512222222222222,8.226880394574598,0.8888888888888888,8.34,-8.110000000000001,1,0.16006410458836628,14.5
broker_hour,8,2026-08,2,1,1,-1.32,-0.6599999999999997,0.8448883666274971,0.5,7.19,-8.51,1,0.16995560384168004,-8.51
broker_hour,9,ALL,16,8,8,-5.46,-0.3412499999999995,0.8997797356828194,0.5,6.1274999999999995,-6.81,3,0.44004049011406243,-38.36
broker_hour,9,BUY,8,5,3,6.35,0.7937500000000002,1.269296013570823,0.625,5.986000000000001,-7.859999999999999,2,0.3253231802732896,-23.58
broker_hour,9,SELL,8,3,5,-11.81,-1.4762499999999994,0.6177993527508091,0.375,6.363333333333333,-6.18,2,0.2815999999999986,-30.9
broker_hour,9,2026-06,3,1,2,-8.46,-2.82,0.39914772727272735,0.3333333333333333,5.62,-7.039999999999999,1,0.16920000000000074,-14.08
broker_hour,9,2026-07,5,3,2,5.37,1.0740000000000003,1.4055891238670697,0.6,6.203333333333333,-6.619999999999999,1,0.14504451228283716,-13.24
broker_hour,9,2026-08,8,4,4,-2.37,-0.2962499999999998,0.912739322533137,0.5,6.1975,-6.789999999999999,3,0.4397691810396423,-27.16
breakout,False,ALL,310,158,152,70.82,0.22845161290322605,1.0614436925212565,0.5096774193548387,7.743164556962026,-7.582894736842104,7,2.2821417082908293,-25.31
breakout,False,BUY,154,76,78,8.56,0.055584415584415875,1.0138789804786303,0.4935064935064935,8.227894736842105,-7.907179487179485,10,2.4186568968998188,-87.19
breakout,False,SELL,156,82,74,62.26,0.3991025641025643,1.116191400418035,0.5256410256410257,7.29390243902439,-7.24108108108108,4,1.609503998810275,12.67
breakout,False,2026-06,102,51,51,57.18,0.5605882352941179,1.152276964047936,0.5,8.483921568627451,-7.362745098039214,6,1.1326000000000205,-37.44
breakout,False,2026-07,119,57,62,-73.31,-0.616050420168067,0.8565726918787784,0.4789915966386555,7.681052631578948,-8.244032258064514,7,2.2828324372241253,-124.12
breakout,False,2026-08,89,50,39,86.95,0.9769662921348317,1.326916569537918,0.5617977528089888,7.058400000000001,-6.819743589743587,4,0.8778724502969446,39.67
breakout,True,ALL,54,27,27,9.43,0.17462962962962988,1.0464440504334123,0.5,7.869259259259258,-7.5200000000000005,4,1.206745366586943,-39.25
breakout,True,BUY,28,15,13,11.25,0.40178571428571475,1.1107828655834566,0.5357142857142857,7.52,-7.811538461538461,4,0.6656202070552133,-34.73
breakout,True,SELL,26,12,14,-1.82,-0.06999999999999981,0.9820671987387921,0.46153846153846156,8.305833333333334,-7.249285714285714,3,1.0097493728851703,-49.54
breakout,True,2026-06,14,6,8,-7.86,-0.5614285714285713,0.8660303391852737,0.42857142857142855,8.468333333333334,-7.333749999999999,4,0.8635516768968667,-52.33
breakout,True,2026-07,15,7,8,-6.97,-0.4646666666666663,0.8845261762756793,0.4666666666666667,7.627142857142857,-7.545,3,0.6124845734304615,-49.14
breakout,True,2026-08,25,14,11,24.26,0.9704000000000002,1.2887751458159746,0.56,7.7335714285714285,-7.637272727272727,3,0.6114129088390361,-22.43
pullback,False,ALL,293,151,142,94.76,0.3234129692832768,1.0871140038794966,0.515358361774744,7.83132450331126,-7.6603521126760565,8,2.2045499707831127,-1.37
pullback,False,BUY,151,79,72,64.93,0.4300000000000003,1.1117036833141227,0.5231788079470199,8.179746835443035,-8.073194444444445,8,1.46211423353156,-30.82
pullback,False,SELL,142,72,70,29.83,0.21007042253521155,1.0588943731490623,0.5070422535211268,7.449027777777778,-7.235714285714285,5,2.0890786587277046,-19.96
pullback,False,2026-06,92,44,48,28.63,0.31119565217391354,1.0794130700099858,0.4782608695652174,8.84431818181818,-7.510833333333333,6,1.2566000000000168,-66.05
pullback,False,2026-07,106,53,53,-32.97,-0.3110377358490564,0.9242591316333564,0.5,7.591132075471699,-8.21320754716981,8,1.7744220465212044,-83.78
pullback,False,2026-08,95,54,41,99.1,1.0431578947368423,1.3394416852200721,0.5684210526315789,7.241666666666667,-7.120731707317073,4,0.8395420181877913,50.67
pullback,True,ALL,71,34,37,-14.51,-0.20436619718309837,0.9458319334005302,0.4788732394366197,7.451764705882352,-7.23972972972973,6,1.5587644449748557,-62.23
pullback,True,BUY,31,12,19,-45.12,-1.4554838709677416,0.670753064798599,0.3870967741935484,7.66,-7.212631578947369,8,1.348600000000024,-89.15
pullback,True,SELL,40,22,18,30.61,0.76525,1.2339677444011314,0.55,7.338181818181818,-7.268333333333334,3,0.6490855326267235,-16.53
pullback,True,2026-06,24,13,11,20.69,0.8620833333333335,1.2809232858112698,0.5416666666666666,7.256923076923077,-6.695454545454544,3,0.3638944885438221,-22.3
pullback,True,2026-07,28,11,17,-47.31,-1.6896428571428572,0.6526176664953374,0.39285714285714285,8.08,-8.011176470588236,6,1.4272000000000116,-93.38
pullback,True,2026-08,19,10,9,12.11,0.6373684210526316,1.2086851628468034,0.5263157894736842,7.014,-6.447777777777777,2,0.2763856279473409,-28.99
slope_htf_alignment,False,ALL,182,96,86,86.24,0.47384615384615403,1.1274306992139016,0.5274725274725275,7.947916666666667,-7.869302325581395,6,1.4006761748389152,-9.13
slope_htf_alignment,False,BUY,103,53,50,41.09,0.39893203883495154,1.0991267007623275,0.5145631067961165,8.596415094339624,-8.2904,7,1.0699999999999998,-54.23
slope_htf_alignment,False,SELL,79,43,36,45.15,0.5715189873417725,1.1721705308114703,0.5443037974683544,7.148604651162789,-7.284444444444443,4,0.7803213997052136,-3.06
slope_htf_alignment,False,2026-06,58,27,31,18.28,0.31517241379310407,1.0796063232156077,0.46551724137931033,9.181851851851851,-7.4074193548387095,5,1.0032000000000154,-74.74
slope_htf_alignment,False,2026-07,69,38,31,17.87,0.258985507246377,1.0644498142604681,0.5507246376811594,7.766842105263159,-8.944193548387096,6,1.4057657865390638,-32.38
slope_htf_alignment,False,2026-08,55,31,24,50.09,0.9107272727272729,1.2948899093371014,0.5636363636363636,7.09516129032258,-7.077500000000001,4,0.8334611346396477,4.35
slope_htf_alignment,True,ALL,182,89,93,-5.99,-0.03291208791208766,0.9911766438840443,0.489010989010989,7.560561797752809,-7.299784946236558,8,3.5565949522486493,-56.4
slope_htf_alignment,True,BUY,79,38,41,-21.28,-0.2693670886075948,0.9299516113104448,0.4810126582278481,7.434473684210528,-7.40951219512195,7,1.9376000000000386,-70.67
slope_htf_alignment,True,SELL,103,51,52,15.29,0.14844660194174786,1.040763550081314,0.49514563106796117,7.654509803921569,-7.21326923076923,6,2.6689263236998046,-34.26
slope_htf_alignment,True,2026-06,58,30,28,31.04,0.5351724137931037,1.1517551579153222,0.5172413793103449,7.852666666666667,-7.305,4,0.7682134391883864,-18.53
slope_htf_alignment,True,2026-07,65,26,39,-98.15,-1.5099999999999996,0.6664060906804432,0.4,7.541153846153846,-7.544102564102562,5,2.2306923643065497,-146.88
slope_htf_alignment,True,2026-08,59,33,26,61.12,1.0359322033898306,1.3393293359982235,0.559322033898305,7.31030303030303,-6.927692307692309,8,1.2152129319109455,13.31
m5_m15_alignment,True,ALL,364,185,179,80.25,0.22046703296703335,1.0591971319819422,0.5082417582417582,7.761567567567567,-7.57340782122905,8,2.854147824562088,-15.88
m5_m15_alignment,True,BUY,182,91,91,19.81,0.10884615384615401,1.0275786220434076,0.5,8.11120879120879,-7.893516483516482,10,2.7136741475487143,-75.94
m5_m15_alignment,True,SELL,182,94,88,60.44,0.33208791208791233,1.0948331319724476,0.5164835164835165,7.423085106382981,-7.242386363636364,5,2.1743620520335223,10.65
m5_m15_alignment,True,2026-06,116,57,59,49.32,0.4251724137931039,1.1135960568440935,0.49137931034482757,8.482280701754386,-7.358813559322032,6,1.241646002252137,-45.36
m5_m15_alignment,True,2026-07,134,64,70,-80.28,-0.5991044776119402,0.859525101051637,0.47761194029850745,7.67515625,-8.164142857142856,8,2.594836591553514,-131.09
m5_m15_alignment,True,2026-08,114,64,50,111.21,0.9755263157894741,1.3177610149151382,0.5614035087719298,7.206093750000001,-6.999599999999999,5,0.9058170029941153,62.78
previous_inside,False,ALL,318,165,153,121.07,0.3807232704402517,1.1035627218681836,0.5188679245283019,7.818909090909091,-7.640849673202613,7,2.266203116176857,24.94
previous_inside,False,BUY,160,83,77,54.28,0.33925000000000033,1.087282316808439,0.51875,8.146626506024097,-8.076493506493506,8,2.5499308382012122,-41.47
previous_inside,False,SELL,158,82,76,66.79,0.422721518987342,1.1220666715403174,0.5189873417721519,7.4871951219512205,-7.199473684210526,5,1.614270755188818,17.0
previous_inside,False,2026-06,103,51,52,56.76,0.5510679611650489,1.1470199704716761,0.49514563106796117,8.682941176470587,-7.424423076923075,6,1.152368253643131,-37.92
previous_inside,False,2026-07,115,57,58,-44.65,-0.38826086956521716,0.9074898995131048,0.4956521739130435,7.68421052631579,-8.321551724137931,7,2.2917972441924146,-95.46
previous_inside,False,2026-08,100,57,43,108.96,1.0896000000000003,1.3628009189891122,0.57,7.180526315789474,-6.984418604651161,5,0.7388350813837267,60.53
previous_inside,True,ALL,46,20,26,-40.82,-0.887391304347826,0.7812315772549441,0.43478260869565216,7.288499999999999,-7.1765384615384615,5,1.2324506699926416,-86.11
previous_inside,True,BUY,22,8,14,-34.47,-1.5668181818181814,0.6425015556938396,0.36363636363636365,7.74375,-6.887142857142856,4,0.9310000000000219,-76.85
previous_inside,True,SELL,24,12,12,-6.35,-0.2645833333333332,0.9295774647887323,0.5,6.984999999999999,-7.514166666666667,3,0.703885624068072,-48.07
previous_inside,True,2026-06,13,6,7,-7.44,-0.5723076923076923,0.8453222453222454,0.46153846153846156,6.776666666666667,-6.871428571428571,4,0.577599999999984,-42.71
previous_inside,True,2026-07,19,7,12,-35.63,-1.8752631578947365,0.5989419180549302,0.3684210526315789,7.6014285714285705,-7.403333333333333,3,0.920271111749766,-78.06
previous_inside,True,2026-08,14,7,7,2.25,0.16071428571428578,1.0453172205438066,0.5,7.4142857142857155,-7.0928571428571425,2,0.3110000000000036,-37.13
signal_inside,False,ALL,310,161,149,129.91,0.41906451612903245,1.1144874020674886,0.5193548387096775,7.854782608695651,-7.615503355704698,7,2.455560407882728,33.89
signal_inside,False,BUY,153,79,74,60.04,0.392418300653595,1.1011455525606468,0.5163398692810458,8.273924050632909,-8.02162162162162,7,1.8168784101318571,-35.48
signal_inside,False,SELL,157,82,75,69.87,0.44503184713375826,1.1291234684260132,0.5222929936305732,7.450975609756098,-7.2148,5,1.6811146597410294,20.08
signal_inside,False,2026-06,96,49,47,72.21,0.7521875000000001,1.2060728860477727,0.5104166666666666,8.624897959183674,-7.455531914893615,7,1.0404000000000087,-22.47
signal_inside,False,2026-07,114,55,59,-58.55,-0.5135964912280698,0.8796950768472096,0.4824561403508772,7.7841818181818185,-8.248813559322032,7,2.0988605844868014,-108.91
signal_inside,False,2026-08,100,57,43,116.25,1.1625000000000003,1.3905987500839998,0.57,7.2608771929824565,-6.921395348837208,5,0.7831771706151955,67.82
signal_inside,True,ALL,54,24,30,-49.66,-0.9196296296296291,0.7752229212872855,0.4444444444444444,7.13625,-7.364333333333332,5,1.3170000000000437,-95.7
signal_inside,True,BUY,29,12,17,-40.23,-1.3872413793103446,0.6774115949001684,0.41379310344827586,7.039999999999999,-7.335882352941176,4,1.1326000000000205,-82.31
signal_inside,True,SELL,25,12,13,-9.43,-0.37720000000000004,0.9019954271461236,0.48,7.232499999999999,-7.401538461538461,4,0.6882212205201587,-51.66
signal_inside,True,2026-06,20,8,12,-22.89,-1.1445,0.7267191977077365,0.4,7.60875,-6.98,4,0.7652000000000225,-65.4
signal_inside,True,2026-07,20,9,11,-21.73,-1.0865,0.7437802145973352,0.45,7.0088888888888885,-7.71,5,0.9653651285821541,-61.08
signal_inside,True,2026-08,14,7,7,-5.04,-0.35999999999999954,0.9037433155080214,0.5,6.76,-7.4799999999999995,3,0.5847521389355153,-41.17
trend_efficiency,low,ALL,122,62,60,9.93,0.08139344262295096,1.0222321728422703,0.5081967213114754,7.364193548387097,-7.444166666666666,6,1.4716549299254482,-39.03
trend_efficiency,low,BUY,67,33,34,-17.91,-0.26731343283582076,0.9317740276560893,0.4925373134328358,7.412121212121213,-7.720882352941176,4,1.2712854441211692,-66.44
trend_efficiency,low,SELL,55,29,26,27.84,0.5061818181818183,1.1511893124796353,0.5272727272727272,7.309655172413794,-7.082307692307692,3,0.831986213929174,-19.75
trend_efficiency,low,2026-06,39,22,17,35.87,0.9197435897435903,1.2922199592668024,0.5641025641025641,7.209999999999999,-7.220588235294118,3,0.3897020345379842,-9.72
trend_efficiency,low,2026-07,47,21,26,-42.62,-0.9068085106382975,0.7947112374163096,0.44680851063829785,7.856666666666667,-7.984999999999999,6,1.4821626915405843,-91.3
trend_efficiency,low,2026-08,36,19,17,16.68,0.46333333333333354,1.1434345171553875,0.5277777777777778,6.99842105263158,-6.840588235294117,6,1.015768483241909,-26.96
trend_efficiency,middle,ALL,114,51,63,-71.59,-0.6279824561403505,0.8452175041079305,0.4473684210526316,7.665294117647059,-7.341587301587301,9,2.9212000000000082,-121.55
trend_efficiency,middle,BUY,51,27,24,22.21,0.43549019607843154,1.1204120357820548,0.5294117647058824,7.654074074074073,-7.685416666666666,6,1.4128000000000247,-27.03
trend_efficiency,middle,SELL,63,24,39,-93.8,-1.4888888888888894,0.662674866040925,0.38095238095238093,7.677916666666666,-7.129999999999998,8,2.069200000000001,-140.02
trend_efficiency,middle,2026-06,38,14,24,-60.43,-1.5902631578947366,0.6482947270399255,0.3684210526315789,7.95642857142857,-7.159166666666667,9,1.7732000000000154,-105.68
trend_efficiency,middle,2026-07,42,18,24,-51.16,-1.2180952380952381,0.7371422699481067,0.42857142857142855,7.970555555555555,-8.109583333333333,7,2.0321710580087853,-99.57
trend_efficiency,middle,2026-08,34,19,15,40.0,1.1764705882352944,1.4163630685958155,0.5588235294117647,7.161578947368421,-6.404666666666667,3,0.39279810535016935,-4.8
trend_efficiency,high,ALL,128,72,56,141.91,1.1086718750000004,1.317848903621744,0.5625,8.171944444444446,-7.972678571428571,6,1.3340356627258207,46.98
trend_efficiency,high,BUY,64,31,33,15.51,0.24234375000000052,1.057158651188502,0.484375,9.253548387096773,-8.222727272727273,6,0.9968397219902836,-78.92
trend_efficiency,high,SELL,64,41,23,126.4,1.9750000000000005,1.7217907720420282,0.640625,7.354146341463417,-7.613913043478261,3,0.7890659128619226,77.17
trend_efficiency,high,2026-06,39,21,18,73.88,1.8943589743589742,1.5292263610315189,0.5384615384615384,10.165714285714285,-7.7555555555555555,5,0.879386817685647,-20.53
trend_efficiency,high,2026-07,45,25,20,13.5,0.3000000000000003,1.0797636632200887,0.5555555555555556,7.310000000000001,-8.462499999999999,3,0.8248349142504249,-34.56
trend_efficiency,high,2026-08,44,26,18,54.53,1.239318181818182,1.396236012207528,0.5909090909090909,7.390384615384615,-7.645555555555556,6,0.9957409890369898,7.28
sma_separation_atr,low,ALL,113,64,49,175.02,1.548849557522124,1.480230484291398,0.5663716814159292,8.42921875,-7.437755102040816,6,1.090449215971709,79.32
sma_separation_atr,low,BUY,51,33,18,172.41,3.3805882352941174,2.2917509552708473,0.6470588235294118,9.26909090909091,-7.415,3,0.4188000000000102,77.44
sma_separation_atr,low,SELL,62,31,31,2.61,0.042096774193548764,1.0112996796259417,0.5,7.535161290322581,-7.450967741935482,7,1.7805284174308842,-46.08
sma_separation_atr,low,2026-06,39,23,16,110.65,2.8371794871794878,1.9671357398828775,0.5897435897435898,9.785217391304348,-7.150625,3,0.46744893628467826,16.81
sma_separation_atr,low,2026-07,41,21,20,8.69,0.21195121951219534,1.0543430679757364,0.5121951219512195,8.028571428571428,-7.9955,6,1.1144790666735895,-40.91
sma_separation_atr,low,2026-08,33,20,13,55.68,1.6872727272727277,1.6177743259735937,0.6060606060606061,7.2905,-6.933076923076923,5,0.6646000000000094,9.43
sma_separation_atr,middle,ALL,133,59,74,-129.11,-0.9707518796992478,0.7735786187787169,0.44360902255639095,7.476440677966102,-7.705675675675676,8,3.4278139887181385,-178.4
sma_separation_atr,middle,BUY,71,27,44,-152.96,-2.1543661971830983,0.5727612982514944,0.38028169014084506,7.594814814814816,-8.136818181818182,6,3.276399999999994,-201.95
sma_separation_atr,middle,SELL,62,32,30,23.85,0.38467741935483885,1.1123939679547599,0.5161290322580645,7.3765625,-7.073333333333333,5,0.8609267588395246,-23.68
sma_separation_atr,middle,2026-06,38,16,22,-39.45,-1.038157894736842,0.7577227783577966,0.42105263157894735,7.71125,-7.4013636363636355,8,1.5226534314018865,-86.05
sma_separation_atr,middle,2026-07,54,22,32,-94.08,-1.742222222222222,0.6432038834951456,0.4074074074074074,7.70909090909091,-8.24,5,2.382378398814039,-142.84
sma_separation_atr,middle,2026-08,41,21,20,4.42,0.10780487804878064,1.03075638438522,0.5121951219512195,7.053809523809524,-7.1855,3,0.8215630416160284,-38.43
sma_separation_atr,high,ALL,118,62,56,34.34,0.2910169491525425,1.0815735088011023,0.5254237288135594,7.343709677419356,-7.517321428571429,4,0.9816000000000167,-15.29
sma_separation_atr,high,BUY,60,31,29,0.36,0.006000000000000376,1.001587161625959,0.5166666666666667,7.328387096774192,-7.8213793103448275,5,1.503600000000024,-47.26
sma_separation_atr,high,SELL,58,31,27,33.98,0.5858620689655173,1.1750193149626578,0.5344827586206896,7.359032258064515,-7.190740740740741,3,0.6270000000000072,-14.4
sma_separation_atr,high,2026-06,39,18,21,-21.88,-0.5610256410256409,0.8605747785636908,0.46153846153846156,7.502777777777778,-7.472857142857143,4,0.9816000000000167,-70.03
sma_separation_atr,high,2026-07,39,21,18,5.11,0.13102564102564124,1.0345503718728872,0.5384615384615384,7.286190476190477,-8.216666666666667,4,0.8865594245727597,-41.6
sma_separation_atr,high,2026-08,40,23,17,51.11,1.2777500000000002,1.440072326502497,0.575,7.271739130434781,-6.831764705882353,3,0.503096739048908,5.13
sma_slope_aligned_atr,low,ALL,120,69,51,161.93,1.349416666666667,1.3994326591021216,0.575,8.222173913043479,-7.9490196078431365,5,0.8767249057358804,66.61
sma_slope_aligned_atr,low,BUY,65,37,28,113.18,1.7412307692307694,1.4860639896929355,0.5692307692307692,9.352162162162161,-8.316071428571428,5,0.7078000000000065,17.86
sma_slope_aligned_atr,low,SELL,55,32,23,48.75,0.8863636363636366,1.2825268038249784,0.5818181818181818,6.915625,-7.50217391304348,3,0.5779280664002345,3.02
sma_slope_aligned_atr,low,2026-06,39,20,19,52.89,1.3561538461538463,1.3797386559448594,0.5128205128205128,9.608500000000001,-7.330526315789474,3,0.6500000000000182,-38.56
sma_slope_aligned_atr,low,2026-07,45,27,18,43.93,0.9762222222222222,1.2609289617486341,0.6,7.862592592592593,-9.353333333333332,5,0.8859171095591348,-6.13
sma_slope_aligned_atr,low,2026-08,36,22,14,65.11,1.8086111111111114,1.6660188216039282,0.6111111111111112,7.403181818181817,-6.982857142857143,3,0.6086235456556222,19.37
sma_slope_aligned_atr,middle,ALL,110,45,65,-144.62,-1.3147272727272727,0.7004494707843991,0.4090909090909091,7.51488888888889,-7.427538461538462,7,3.1536089572792547,-193.2
sma_slope_aligned_atr,middle,BUY,62,27,35,-83.53,-1.3472580645161285,0.695867467686146,0.43548387096774194,7.0785185185185195,-7.847142857142856,6,2.3134000000000197,-130.25
sma_slope_aligned_atr,middle,SELL,48,18,30,-61.09,-1.272708333333333,0.7064956279427309,0.375,8.169444444444444,-6.938000000000001,8,1.735353169541677,-108.33
sma_slope_aligned_atr,middle,2026-06,38,15,23,-48.4,-1.2736842105263155,0.7173062321126104,0.39473684210526316,8.187333333333335,-7.443913043478261,7,1.3966809368419917,-95.51
sma_slope_aligned_atr,middle,2026-07,37,14,23,-74.51,-2.0137837837837838,0.5883880234228263,0.3783783783783784,7.607857142857144,-7.8704347826086964,6,2.280606200354633,-120.34
sma_slope_aligned_atr,middle,2026-08,35,16,19,-21.71,-0.620285714285714,0.8337162990196079,0.45714285714285713,6.803125,-6.87157894736842,3,0.5445179397072091,-63.06
sma_slope_aligned_atr,high,ALL,134,71,63,62.94,0.46970149253731375,1.1346454166220987,0.5298507462686567,7.470281690140845,-7.419841269841268,6,2.0916452696030317,12.55
sma_slope_aligned_atr,high,BUY,55,27,28,-9.84,-0.17890909090909038,0.9533228973957592,0.4909090909090909,7.4433333333333325,-7.528928571428572,5,1.2120012713719626,-58.69
sma_slope_aligned_atr,high,SELL,79,44,35,72.78,0.9212658227848105,1.283587905236908,0.5569620253164557,7.486818181818182,-7.332571428571428,4,1.6689950711079105,23.23
sma_slope_aligned_atr,high,2026-06,39,22,17,44.83,1.1494871794871797,1.36246765847348,0.5641025641025641,7.659545454545454,-7.275294117647059,4,0.7831107975213111,-4.47
sma_slope_aligned_atr,high,2026-07,52,23,29,-49.7,-0.9557692307692307,0.7762369996848408,0.4423076923076923,7.496086956521737,-7.658965517241381,4,1.5625155703480706,-98.43
sma_slope_aligned_atr,high,2026-08,43,26,17,67.81,1.576976744186047,1.5573730067400955,0.6046511627906976,7.287307692307692,-7.156470588235293,6,0.8900376108801985,20.86
htf_distance_atr,low,ALL,96,49,47,18.9,0.19687500000000038,1.0550699300699302,0.5104166666666666,7.389795918367349,-7.3021276595744675,4,1.6456000000000495,-31.07
htf_distance_atr,low,BUY,49,24,25,1.23,0.02510204081632712,1.0066811515480718,0.4897959183673469,7.722083333333334,-7.364,10,1.6438000000000281,-48.62
htf_distance_atr,low,SELL,47,25,22,17.67,0.37595744680851084,1.1110622250157134,0.5319148936170213,7.0708,-7.2318181818181815,3,0.6529401222644992,-27.84
htf_distance_atr,low,2026-06,39,16,23,-45.37,-1.163333333333333,0.7208343588481418,0.41025641025641024,7.321875,-7.066086956521739,4,1.6456000000000495,-89.47
htf_distance_atr,low,2026-07,25,13,12,-0.6,-0.023999999999999844,0.9941899874116394,0.52,7.897692307692308,-8.605833333333333,4,1.0213095174003517,-49.27
htf_distance_atr,low,2026-08,32,20,12,64.87,2.0271875,1.8380054256556002,0.625,7.114,-6.450833333333332,2,0.3446016066800959,19.44
htf_distance_atr,middle,ALL,156,73,83,-67.39,-0.4319871794871794,0.8916629155681307,0.46794871794871795,7.597945205479453,-7.494457831325299,7,1.7546311640703405,-117.5
htf_distance_atr,middle,BUY,69,33,36,-21.44,-0.31072463768115915,0.9230686425777745,0.4782608695652174,7.795454545454546,-7.741388888888888,5,1.67630473617532,-69.98
htf_distance_atr,middle,SELL,87,40,47,-45.95,-0.5281609195402297,0.8661715450706279,0.45977011494252873,7.4350000000000005,-7.305319148936169,7,1.8521313611159878,-95.29
htf_distance_atr,middle,2026-06,38,16,22,-46.09,-1.2128947368421052,0.7297566695983584,0.42105263157894735,7.7787500000000005,-7.752272727272728,5,1.0891571461087692,-94.21
htf_distance_atr,middle,2026-07,74,37,37,5.02,0.06783783783783805,1.0180549561214216,0.5,7.650270270270272,-7.514594594594594,5,1.0700658241756096,-43.7
htf_distance_atr,middle,2026-08,44,20,24,-26.32,-0.598181818181818,0.8482559815508792,0.45454545454545453,7.356500000000001,-7.227083333333333,5,1.1527021561865354,-72.61
htf_distance_atr,high,ALL,112,63,49,128.74,1.1494642857142858,1.329764344262295,0.5625,8.240317460317462,-7.967346938775509,5,1.8837419891413867,34.56
htf_distance_atr,high,BUY,64,34,30,40.02,0.6253125,1.1566217908578587,0.53125,8.692352941176473,-8.517333333333333,4,1.6159620703279551,-54.1
htf_distance_atr,high,SELL,48,29,19,88.72,1.8483333333333334,1.6577698695136418,0.6041666666666666,7.710344827586207,-7.098947368421053,3,0.7231415106015473,40.33
htf_distance_atr,high,2026-06,39,25,14,140.78,3.60974358974359,2.392482690405539,0.6410256410256411,9.6752,-7.221428571428571,3,0.3471657917357617,46.95
htf_distance_atr,high,2026-07,35,14,21,-84.7,-2.42,0.5546324534651383,0.4,7.534285714285714,-9.056190476190475,4,1.7992711812936613,-131.07
htf_distance_atr,high,2026-08,38,24,14,72.66,1.9121052631578948,1.733050847457627,0.631578947368421,7.1575,-7.079999999999999,4,0.5709839550757738,28.18
rsi,low,ALL,101,57,44,105.29,1.0424752475247527,1.311352278439838,0.5643564356435643,7.78,-7.685681818181819,4,1.8191835868521855,55.04
rsi,low,BUY,10,6,4,-2.81,-0.28099999999999936,0.9472399549380399,0.6,8.408333333333333,-13.315,2,0.6744000000000051,-46.95
rsi,low,SELL,91,51,40,108.1,1.187912087912088,1.3794180618440912,0.5604395604395604,7.706078431372549,-7.122749999999999,6,1.498008557269297,58.42
rsi,low,2026-06,39,25,14,104.85,2.6884615384615387,2.06826286296485,0.6410256410256411,8.120000000000001,-7.010714285714287,2,0.35806143517839095,54.6
rsi,low,2026-07,37,17,20,-45.29,-1.2240540540540534,0.7389775805429082,0.4594594594594595,7.54235294117647,-8.6755,4,1.6823941870448433,-92.18
rsi,low,2026-08,25,15,10,45.73,1.8292000000000002,1.6875657795820178,0.6,7.482666666666666,-6.650999999999999,3,0.46259584982015023,0.29
rsi,middle,ALL,106,47,59,-46.77,-0.44122641509433946,0.8926357834810156,0.44339622641509435,8.27340425531915,-7.383389830508474,7,2.1704355992026145,-140.04
rsi,middle,BUY,41,20,21,38.56,0.9404878048780491,1.242836450658102,0.4878048780487805,9.8675,-7.56142857142857,4,0.7825413223140562,-54.02
rsi,middle,SELL,65,27,38,-85.33,-1.3127692307692305,0.6917602860961601,0.4153846153846154,7.092592592592593,-7.284999999999998,5,1.7066000000000532,-131.75
rsi,middle,2026-06,38,14,24,-19.56,-0.5147368421052626,0.8846562094586627,0.3684210526315789,10.715714285714284,-7.065833333333333,5,0.9100350564444705,-110.48
rsi,middle,2026-07,35,16,19,-34.89,-0.9968571428571427,0.7762314007183172,0.45714285714285713,7.564375,-8.206315789473683,7,1.4451871017201148,-80.91
rsi,middle,2026-08,33,17,16,7.68,0.23272727272727262,1.069742099527788,0.5151515151515151,6.929411764705883,-6.8825,4,0.5779989058949861,-35.63
rsi,high,ALL,157,81,76,21.73,0.13840764331210229,1.037346395119017,0.5159235668789809,7.451604938271604,-7.6559210526315775,6,1.5932000000000515,-29.3
rsi,high,BUY,131,65,66,-15.94,-0.12167938931297698,0.9685142021885987,0.4961832061068702,7.543384615384615,-7.670606060606062,7,2.3302000000000405,-66.97
rsi,high,SELL,26,16,10,37.67,1.4488461538461541,1.4983463421087446,0.6153846153846154,7.07875,-7.559,6,0.8191598633353725,-5.84
rsi,high,2026-06,39,18,21,-35.97,-0.9223076923076919,0.783886085075703,0.46153846153846156,7.248333333333335,-7.925714285714285,6,0.9080000000000291,-80.03
rsi,high,2026-07,62,31,31,-0.1,-0.0016129032258063026,0.9995868792861274,0.5,7.805161290322582,-7.808387096774193,3,1.0607950972661915,-50.91
rsi,high,2026-08,56,32,24,57.8,1.0321428571428573,1.3334294779348141,0.5714285714285714,7.223437500000001,-7.2229166666666655,4,0.9439142730506728,11.0
rsi_momentum_aligned,low,ALL,130,64,66,2.42,0.018615384615384957,1.0046778651924304,0.49230769230769234,8.12109375,-7.838333333333334,6,1.9207463065981212,-92.98
rsi_momentum_aligned,low,BUY,67,35,32,44.03,0.6571641791044781,1.1632796855299268,0.5223880597014925,8.962571428571428,-8.426874999999999,5,1.3544907736580072,-51.37
rsi_momentum_aligned,low,SELL,63,29,34,-41.61,-0.6604761904761902,0.8319941858117657,0.4603174603174603,7.10551724137931,-7.284411764705882,6,1.6911773471244982,-87.63
rsi_momentum_aligned,low,2026-06,39,19,20,34.38,0.8815384615384619,1.224705882352941,0.48717948717948717,9.862105263157895,-7.65,3,0.7923792858142247,-56.83
rsi_momentum_aligned,low,2026-07,53,26,27,-34.17,-0.6447169811320752,0.854428492310314,0.49056603773584906,7.713846153846155,-8.693703703703703,5,1.1451999999999498,-83.83
rsi_momentum_aligned,low,2026-08,38,19,19,2.21,0.05815789473684248,1.0170524691358025,0.5,6.937368421052632,-6.821052631578947,6,0.8405048196362905,-40.52
rsi_momentum_aligned,middle,ALL,127,64,63,17.45,0.13740157480314982,1.0377542189528342,0.5039370078740157,7.4945312500000005,-7.336507936507937,6,1.5215739154198125,-31.58
rsi_momentum_aligned,middle,BUY,67,31,36,-28.2,-0.42089552238805955,0.8933151742140506,0.4626865671641791,7.6170967741935485,-7.342499999999999,6,1.386600000000035,-76.51
rsi_momentum_aligned,middle,SELL,60,33,27,45.65,0.7608333333333335,1.2307070298680953,0.55,7.37939393939394,-7.328518518518519,4,0.7632149063985512,-3.06
rsi_momentum_aligned,middle,2026-06,38,15,23,-50.84,-1.337894736842105,0.6945078716500421,0.39473684210526316,7.705333333333332,-7.235652173913044,6,1.3807273228266204,-99.02
rsi_momentum_aligned,middle,2026-07,46,24,22,11.89,0.2584782608695654,1.0686410345225725,0.5217391304347826,7.7129166666666675,-7.873636363636362,6,1.50629829366499,-36.28
rsi_momentum_aligned,middle,2026-08,43,25,18,56.4,1.311627906976744,1.4601827676240209,0.5813953488372093,7.158399999999999,-6.808888888888888,4,0.6846731673230984,10.25
rsi_momentum_aligned,high,ALL,107,57,50,60.38,0.5642990654205609,1.1605381404376378,0.5327102803738317,7.657719298245614,-7.522200000000001,6,1.8219253654884753,10.26
rsi_momentum_aligned,high,BUY,48,25,23,3.98,0.0829166666666669,1.0215928819444446,0.5208333333333334,7.531999999999999,-8.01391304347826,4,1.2942000000000007,-44.5
rsi_momentum_aligned,high,SELL,59,32,27,56.4,0.9559322033898308,1.2940716408571875,0.5423728813559322,7.755937500000001,-7.103333333333334,4,1.193337996187446,7.52
rsi_momentum_aligned,high,2026-06,39,23,16,65.78,1.686666666666667,1.5732461873638344,0.5897435897435898,7.849130434782609,-7.171875,4,0.7220953245070599,16.99
rsi_momentum_aligned,high,2026-07,35,14,21,-58.0,-1.6571428571428573,0.6453467041702337,0.4,7.538571428571428,-7.7876190476190486,6,1.3711618845341662,-104.52
rsi_momentum_aligned,high,2026-08,33,20,13,52.6,1.5939393939393942,1.5377223471682686,0.6060606060606061,7.520999999999999,-7.524615384615384,4,0.6267814234609804,5.77
atr,low,ALL,159,78,81,12.58,0.07911949685534637,1.020231911095386,0.49056603773584906,8.13294871794872,-7.676419753086419,9,2.8286097951886786,-83.06
atr,low,BUY,79,39,40,20.92,0.26481012658227915,1.0639853188560942,0.4936708860759494,8.919743589743591,-8.17375,5,1.7040112739436877,-74.48
atr,low,SELL,80,39,41,-8.34,-0.10424999999999969,0.9717134717134718,0.4875,7.346153846153848,-7.191219512195121,7,1.9194013667895269,-56.66
atr,low,2026-06,39,18,21,27.56,0.7066666666666672,1.1855892255892255,0.46153846153846156,9.781111111111112,-7.071428571428571,4,0.7211948058123655,-64.9
atr,low,2026-07,73,35,38,-47.84,-0.6553424657534244,0.8514331853048043,0.4794520547945205,7.833428571428572,-8.47394736842105,9,1.9618867371705522,-98.2
atr,low,2026-08,47,25,22,32.86,0.6991489361702132,1.2172131147540985,0.5319148936170213,7.3656,-6.876363636363638,6,0.891200000000008,-14.41
atr,middle,ALL,113,59,54,32.89,0.2910619469026551,1.0921908285682254,0.5221238938053098,6.604237288135593,-6.606666666666666,4,1.155600000000013,-6.74
atr,middle,BUY,53,27,26,1.91,0.036037735849057076,1.0108565906894789,0.5094339622641509,6.586666666666666,-6.766538461538461,5,1.083799999999992,-34.44
atr,middle,SELL,60,32,28,30.98,0.5163333333333335,1.1713211303434166,0.5333333333333333,6.6190625,-6.458214285714286,4,0.6578000000000066,-8.31
atr,middle,2026-06,38,17,21,-25.7,-0.6763157894736836,0.8175363862264822,0.4473684210526316,6.773529411764706,-6.7071428571428555,4,1.0521999999999934,-62.18
atr,middle,2026-07,28,15,13,10.69,0.38178571428571456,1.122199359853681,0.5357142857142857,6.544666666666667,-6.729230769230768,4,0.6415999999999985,-26.69
atr,middle,2026-08,47,27,20,47.9,1.0191489361702133,1.3729658179553064,0.574468085106383,6.530740740740742,-6.421499999999999,3,0.40617319890604975,11.76
atr,high,ALL,92,48,44,34.78,0.37804347826086937,1.0922326235116284,0.5217391304347826,8.580625,-8.570227272727273,5,1.6357759131059666,-15.34
atr,high,BUY,50,25,25,-3.02,-0.06040000000000027,0.9859815253214501,0.5,8.4964,-8.6172,5,1.5700348098234296,-52.3
atr,high,SELL,42,23,19,37.8,0.8999999999999998,1.2338240752195968,0.5476190476190477,8.672173913043478,-8.50842105263158,3,1.0331960986515498,-11.49
atr,high,2026-06,39,22,17,47.46,1.2169230769230768,1.327717166137274,0.5641025641025641,8.739999999999998,-8.518823529411765,3,0.5582832739988786,-1.96
atr,high,2026-07,33,14,19,-43.13,-1.3069696969696973,0.7337654320987653,0.42424242424242425,8.490714285714287,-8.526315789473685,5,1.5816406880755367,-90.83
atr,high,2026-08,20,12,8,30.45,1.5224999999999997,1.433328589725345,0.6,8.393333333333333,-8.783750000000001,3,0.5746012789129534,-16.39
atr_percentile,low,ALL,116,58,58,58.99,0.5085344827586211,1.1318182833903154,0.5,8.732758620689657,-7.7156896551724135,7,1.5384706360063272,-36.65
atr_percentile,low,BUY,53,28,25,74.66,1.4086792452830192,1.3695673695673698,0.5283018867924528,9.881428571428573,-8.0808,6,1.0476599229039256,-20.54
atr_percentile,low,SELL,63,30,33,-15.67,-0.24873015873015844,0.936168479367795,0.47619047619047616,7.660666666666667,-7.4390909090909085,6,1.161985838173285,-63.18
atr_percentile,low,2026-06,39,17,22,13.53,0.3469230769230773,1.0840790454884417,0.4358974358974359,10.261764705882355,-7.314545454545454,5,0.9370216748221567,-79.4
atr_percentile,low,2026-07,48,25,23,12.29,0.25604166666666733,1.0641005580764618,0.5208333333333334,8.1608,-8.33608695652174,6,1.29691740007785,-37.29
atr_percentile,low,2026-08,29,16,13,33.17,1.1437931034482762,1.3496732026143792,0.5517241379310345,8.001875,-7.296923076923077,4,0.613000000000011,-12.85
atr_percentile,middle,ALL,93,46,47,-35.46,-0.3812903225806447,0.8977331718290362,0.4946236559139785,6.766956521739131,-7.37744680851064,9,1.4904442566656415,-83.9
atr_percentile,middle,BUY,43,19,24,-57.62,-1.34,0.698166579360922,0.4418604651162791,7.014736842105263,-7.954166666666666,5,1.6088000000000102,-104.37
atr_percentile,middle,SELL,50,27,23,22.16,0.4432000000000006,1.1421971252566736,0.54,6.592592592592592,-6.775652173913042,5,0.7704301021877686,-20.7
atr_percentile,middle,2026-06,37,18,19,-0.54,-0.014594594594594187,0.9956948098541021,0.4864864864864865,6.938333333333334,-6.601578947368421,9,1.2560000000000036,-41.85
atr_percentile,middle,2026-07,24,10,14,-58.99,-2.4579166666666663,0.5383471591798404,0.4166666666666667,6.8790000000000004,-9.127142857142855,5,1.3879121581664327,-100.94
atr_percentile,middle,2026-08,32,18,14,24.07,0.7521875000000003,1.2573505827007379,0.5625,6.533333333333335,-6.680714285714287,5,0.8441777760117752,-16.79
atr_percentile,high,ALL,155,81,74,56.72,0.3659354838709679,1.101034931153031,0.5225806451612903,7.630987654320988,-7.586351351351351,6,2.3358736716545385,6.6
atr_percentile,high,BUY,86,44,42,2.77,0.0322093023255816,1.00851286148929,0.5116279069767442,7.458181818181817,-7.7473809523809525,6,2.130262929026579,-46.29
atr_percentile,high,SELL,69,37,32,53.95,0.7818840579710147,1.2286016949152543,0.5362318840579711,7.836486486486485,-7.375,4,1.0556333505508133,4.55
atr_percentile,high,2026-06,40,22,18,36.33,0.9082500000000003,1.2457718847246653,0.55,8.370454545454546,-8.212222222222223,4,0.7056202763629962,-12.9
atr_percentile,high,2026-07,62,29,33,-33.58,-0.5416129032258065,0.8667354551948568,0.46774193548387094,7.531034482758621,-7.635757575757576,6,2.004810907385084,-82.3
atr_percentile,high,2026-08,53,30,23,53.97,1.018301886792453,1.3339934401881304,0.5660377358490566,7.185333333333333,-7.025652173913044,4,0.563253706575956,7.13
spread_points,low,ALL,37,21,16,53.13,1.4359459459459463,1.4914893617021279,0.5675675675675675,7.677619047619048,-6.75625,4,0.5495999999999912,5.42
spread_points,low,BUY,14,6,8,-6.94,-0.495714285714285,0.864347146207975,0.42857142857142855,7.370000000000001,-6.395,5,0.6744000000000051,-45.47
spread_points,low,SELL,23,15,8,60.07,2.611739130434783,2.0549701440112402,0.6521739130434783,7.800666666666667,-7.1175,2,0.293984577270109,12.46
spread_points,low,2026-06,37,21,16,53.13,1.4359459459459463,1.4914893617021279,0.5675675675675675,7.677619047619048,-6.75625,4,0.5495999999999912,5.42
spread_points,low,2026-07,0,0,0,0.0,,,,,,0,0.0,0.0
spread_points,low,2026-08,0,0,0,0.0,,,,,,0,0.0,0.0
spread_points,middle,ALL,158,78,80,30.95,0.19588607594936738,1.0524932157394844,0.4936708860759494,7.955769230769231,-7.369999999999999,6,2.2740640632961204,-63.36
spread_points,middle,BUY,83,42,41,58.29,0.7022891566265063,1.1906833720435737,0.5060240963855421,8.666190476190476,-7.4558536585365855,5,1.3810014977810168,-35.7
spread_points,middle,SELL,75,36,39,-27.34,-0.364533333333333,0.9037018773555,0.48,7.126944444444444,-7.279743589743589,4,1.9651599184340736,-75.74
spread_points,middle,2026-06,35,19,16,75.69,2.1625714285714293,1.6597803347280335,0.5428571428571428,10.02157894736842,-7.17,4,0.7798989121945034,-17.15
spread_points,middle,2026-07,73,33,40,-54.86,-0.7515068493150681,0.820584099159499,0.4520547945205479,7.6033333333333335,-7.6442499999999995,4,2.3084357751631734,-104.15
spread_points,middle,2026-08,50,26,24,10.12,0.20240000000000016,1.059842705931051,0.52,6.893461538461538,-7.04625,6,1.4062973444527263,-34.75
spread_points,high,ALL,169,86,83,-3.83,-0.02266272189349086,0.9941788004985258,0.5088757396449705,7.605930232558141,-7.926987951807227,5,2.7196000000000096,-54.72
spread_points,high,BUY,85,43,42,-31.54,-0.3710588235294113,0.9127427654512257,0.5058823529411764,7.6725581395348845,-8.606190476190477,6,2.5859999999999856,-82.07
spread_points,high,SELL,84,43,41,27.71,0.32988095238095255,1.0934633027522938,0.5119047619047619,7.539302325581395,-7.231219512195121,4,1.1358752379198207,-20.59
spread_points,high,2026-06,44,17,27,-79.5,-1.8068181818181819,0.6238466997870831,0.38636363636363635,7.7558823529411764,-7.8277777777777775,5,1.9097999999999955,-127.32
spread_points,high,2026-07,61,31,30,-25.42,-0.41672131147540975,0.9043353906367606,0.5081967213114754,7.751612903225808,-8.857333333333333,5,1.3373634721073595,-74.88
spread_points,high,2026-08,64,38,26,101.09,1.5795312500000005,1.5589097141593409,0.59375,7.420000000000001,-6.956538461538462,4,0.7508194298246701,53.38
spread_atr,low,ALL,65,37,28,67.38,1.0366153846153845,1.2743261949352658,0.5692307692307692,8.459459459459461,-8.772142857142859,3,1.460394884242028,17.46
spread_atr,low,BUY,29,13,16,-31.38,-1.0820689655172415,0.7806821358680458,0.4482758620689655,8.592307692307692,-8.9425,3,1.1264174749939555,-79.6
spread_atr,low,SELL,36,24,12,98.76,2.743333333333334,1.963136337039204,0.6666666666666666,8.387500000000001,-8.545,4,0.7356440200644424,49.47
spread_atr,low,2026-06,39,27,12,123.26,3.16051282051282,2.2355653568564553,0.6923076923076923,8.26,-8.313333333333334,3,0.6871188075678532,73.84
spread_atr,low,2026-07,18,7,11,-36.84,-2.0466666666666664,0.6327018943170488,0.3888888888888889,9.065714285714284,-9.118181818181819,3,1.2842171686915844,-84.54
spread_atr,low,2026-08,8,3,5,-19.04,-2.380000000000001,0.5820895522388059,0.375,8.839999999999998,-9.112,3,0.5705114641264454,-45.56
spread_atr,middle,ALL,101,45,56,-76.1,-0.7534653465346534,0.8081577089845718,0.44554455445544555,7.124,-7.083571428571429,6,2.9406000000000496,-121.65
spread_atr,middle,BUY,59,28,31,-11.32,-0.19186440677966085,0.9472678995667769,0.4745762711864407,7.2625,-6.924838709677419,6,1.8308000000000355,-55.8
spread_atr,middle,SELL,42,17,25,-64.78,-1.542380952380952,0.6440854898082523,0.40476190476190477,6.895882352941177,-7.280400000000001,4,1.6019367981655617,-104.21
spread_atr,middle,2026-06,38,12,26,-97.68,-2.570526315789474,0.45751416194601796,0.3157894736842105,6.864999999999999,-6.9253846153846155,6,2.080400000000027,-136.64
spread_atr,middle,2026-07,29,12,17,-36.14,-1.246206896551724,0.7082660639328382,0.41379310344827586,7.3116666666666665,-7.287058823529412,6,1.1568125959601687,-76.71
spread_atr,middle,2026-08,34,21,13,57.72,1.6976470588235297,1.6223851628207895,0.6176470588235294,7.164761904761905,-7.133846153846154,2,0.42819109014922263,14.71
spread_atr,high,ALL,198,103,95,88.97,0.44934343434343477,1.1247231334286598,0.5202020202020202,7.789417475728156,-7.508842105263159,6,2.073633461386414,-6.67
spread_atr,high,BUY,94,50,44,62.51,0.6650000000000005,1.1733692034612826,0.5319148936170213,8.4614,-8.194545454545455,5,1.301852039508559,-32.89
spread_atr,high,SELL,104,53,51,26.46,0.25442307692307714,1.0750042519417202,0.5096153846153846,7.1554716981132085,-6.917254901960784,4,1.3810866971643667,-22.07
spread_atr,high,2026-06,39,18,21,23.74,0.6087179487179488,1.1538062844185293,0.46153846153846156,9.893888888888888,-7.35,3,0.9318343757422021,-68.72
spread_atr,high,2026-07,87,45,42,-7.3,-0.08390804597701115,0.9789813135239411,0.5172413793103449,7.555777777777777,-8.269285714285713,6,1.5304075619208446,-57.66
spread_atr,high,2026-08,72,40,32,72.53,1.0073611111111114,1.3426398337112626,0.5555555555555556,7.105250000000001,-6.615,6,0.8900376108801985,25.26
distance_high_atr,low,ALL,154,73,81,-81.02,-0.5261038961038959,0.8697657970455386,0.474025974025974,7.412191780821918,-7.680370370370369,7,4.199800000000032,-130.43
distance_high_atr,low,BUY,131,62,69,-69.65,-0.531679389312977,0.8688546197442995,0.4732824427480916,7.442580645161291,-7.696956521739129,8,3.8120000000000256,-118.96
distance_high_atr,low,SELL,23,11,12,-11.37,-0.4943478260869563,0.8750823994726434,0.4782608695652174,7.24090909090909,-7.585,3,0.8264693230519222,-53.52
distance_high_atr,low,2026-06,39,13,26,-106.74,-2.736923076923077,0.4623482597088602,0.3333333333333333,7.06076923076923,-7.635769230769231,7,2.1348000000000136,-146.28
distance_high_atr,low,2026-07,62,28,34,-50.03,-0.8069354838709677,0.8136268812397556,0.45161290322580644,7.800357142857143,-7.895294117647059,5,2.081841923189241,-99.1
distance_high_atr,low,2026-08,53,32,21,75.75,1.4292452830188684,1.4882686605646516,0.6037735849056604,7.2153125000000005,-7.387619047619048,4,0.5544129306757789,28.04
distance_high_atr,middle,ALL,102,57,45,124.41,1.2197058823529414,1.3584786053882727,0.5588235294117647,8.271228070175438,-7.712222222222222,4,1.34590630729025,29.01
distance_high_atr,middle,BUY,36,21,15,83.21,2.311388888888889,1.6182020802377415,0.5833333333333334,10.371904761904764,-8.973333333333333,3,1.1760457228991348,-12.19
distance_high_atr,middle,SELL,66,36,30,41.2,0.6242424242424245,1.1939279830548366,0.5454545454545454,7.0458333333333325,-7.081666666666666,3,0.46680901978095524,-4.8
distance_high_atr,middle,2026-06,38,21,17,81.3,2.1394736842105266,1.6680910510313092,0.5526315789473685,9.666190476190476,-7.158235294117647,4,0.5465999999999985,-11.14
distance_high_atr,middle,2026-07,37,19,18,-15.05,-0.4067567567567563,0.9080073349633253,0.5135135135135135,7.81842105263158,-9.088888888888889,4,1.211826955470572,-63.88
distance_high_atr,middle,2026-08,27,17,10,58.16,2.154074074074074,1.9417098445595855,0.6296296296296297,7.054117647058824,-6.176,3,0.5965631906971194,15.48
distance_high_atr,high,ALL,108,55,53,36.86,0.3412962962962965,1.0953736286483131,0.5092592592592593,7.697090909090909,-7.292075471698111,5,1.2791541534158595,-12.88
distance_high_atr,high,BUY,15,8,7,6.25,0.41666666666666724,1.118776130748765,0.5333333333333333,7.358750000000001,-7.517142857142857,4,0.596470814825992,-34.49
distance_high_atr,high,SELL,93,47,46,30.61,0.3291397849462368,1.0916851374827772,0.5053763440860215,7.7546808510638305,-7.25782608695652,5,1.5450583079784765,-19.13
distance_high_atr,high,2026-06,39,23,16,74.76,1.916923076923077,1.6560772268538833,0.5897435897435898,8.204782608695652,-7.121874999999999,3,0.4135783318941291,25.02
distance_high_atr,high,2026-07,35,17,18,-15.2,-0.434285714285714,0.8910003585514522,0.4857142857142857,7.3088235294117645,-7.747222222222222,3,0.595427008792677,-60.94
distance_high_atr,high,2026-08,34,15,19,-22.7,-0.667647058823529,0.8294259092275323,0.4411764705882353,7.358666666666666,-7.0042105263157906,5,0.929186482453924,-67.12
distance_low_atr,low,ALL,85,45,40,48.05,0.5652941176470592,1.1571802420673865,0.5294117647058824,7.8611111111111125,-7.642499999999998,5,2.0033182958768205,-2.2
distance_low_atr,low,BUY,4,1,3,-37.98,-9.495,0.21170610211706103,0.25,10.200000000000001,-16.06,2,0.7984869930987154,-48.18
distance_low_atr,low,SELL,81,44,37,86.03,1.062098765432099,1.334071140105623,0.5432098765432098,7.807954545454546,-6.959999999999999,5,1.2214216148318549,36.35
distance_low_atr,low,2026-06,39,24,15,95.69,2.453589743589744,1.9491172386431264,0.6153846153846154,8.187916666666666,-6.721333333333333,3,0.3715954425553083,45.44
distance_low_atr,low,2026-07,25,9,16,-76.3,-3.052,0.46497440572189896,0.36,7.367777777777778,-8.913124999999999,5,1.8425581014664456,-117.61
distance_low_atr,low,2026-08,21,12,9,28.66,1.3647619047619048,1.4602537337401638,0.5714285714285714,7.5775,-6.918888888888889,3,0.46259584982015023,-15.76
distance_low_atr,middle,ALL,120,60,60,-11.09,-0.09241666666666645,0.9755279475693449,0.5,7.367999999999999,-7.552833333333331,6,1.4079918126995388,-61.35
distance_low_atr,middle,BUY,49,28,21,58.63,1.1965306122448982,1.3632814920379208,0.5714285714285714,7.857857142857143,-7.685238095238096,3,0.6932000000000152,8.5
distance_low_atr,middle,SELL,71,32,39,-69.72,-0.9819718309859155,0.7610528480361918,0.4507042253521127,6.939375,-7.481538461538461,5,2.0295956142255274,-116.98
distance_low_atr,middle,2026-06,38,18,20,-17.69,-0.4655263157894735,0.8829949070705735,0.47368421052631576,7.416666666666668,-7.5595,4,0.6526253930244149,-64.09
distance_low_atr,middle,2026-07,43,22,21,-1.16,-0.026976744186046286,0.9931800811335175,0.5116279069767442,7.6786363636363655,-8.09952380952381,6,1.1036169226589236,-50.85
distance_low_atr,middle,2026-08,39,20,19,7.76,0.1989743589743591,1.0588369095458339,0.5128205128205128,6.9825,-6.94157894736842,4,0.831938446542205,-36.75
distance_low_atr,high,ALL,159,80,79,43.29,0.2722641509433967,1.0725405097441227,0.5031446540880503,8.00075,-7.554050632911389,6,2.119978553982429,-50.82
distance_low_atr,high,BUY,129,62,67,-0.84,-0.00651162790697633,0.9983488618940913,0.4806201550387597,8.191935483870969,-7.593134328358209,7,2.523905820314155,-94.95
distance_low_atr,high,SELL,30,18,12,44.13,1.4710000000000003,1.5013063728274452,0.6,7.342222222222222,-7.3358333333333325,3,0.42122683054952703,-1.78
distance_low_atr,high,2026-06,39,15,24,-28.68,-0.735384615384615,0.8425559947299079,0.38461538461538464,10.232,-7.589999999999999,6,1.282392422407134,-117.57
distance_low_atr,high,2026-07,66,33,33,-2.82,-0.04272727272727256,0.9891031338150625,0.5,7.756666666666667,-7.842121212121211,5,1.2594950070303839,-51.92
distance_low_atr,high,2026-08,54,32,22,74.79,1.3850000000000005,1.479976896418945,0.5925925925925926,7.2065625,-7.082727272727274,5,0.8470717001045673,27.99
candle_body_range,low,ALL,115,55,60,2.74,0.02382608695652206,1.0060116722980386,0.4782608695652174,8.336727272727272,-7.596333333333334,5,1.645775467084466,-91.87
candle_body_range,low,BUY,66,31,35,15.34,0.23242424242424262,1.0560324359864122,0.4696969696969697,9.326129032258065,-7.821999999999999,5,1.4691860626129942,-77.9
candle_body_range,low,SELL,49,24,25,-12.6,-0.2571428571428569,0.9307730344486567,0.4897959183673469,7.058750000000001,-7.280399999999999,4,0.9425845896480616,-61.44
candle_body_range,low,2026-06,39,19,20,45.5,1.166666666666667,1.3077859703713728,0.48717948717948717,10.175263157894738,-7.391500000000001,4,0.6834000000000197,-48.49
candle_body_range,low,2026-07,48,21,27,-56.46,-1.1762499999999998,0.7352899807773455,0.4375,7.46809523809524,-7.899629629629629,5,1.4705148099994048,-104.82
candle_body_range,low,2026-08,28,15,13,13.7,0.48928571428571443,1.1447285020071836,0.5357142857142857,7.223999999999999,-7.281538461538461,5,0.8473820355008472,-30.41
candle_body_range,middle,ALL,146,78,68,81.56,0.5586301369863016,1.1617227157360406,0.5342465753424658,7.511282051282053,-7.416470588235294,7,1.2565428517374069,31.18
candle_body_range,middle,BUY,76,38,38,6.52,0.08578947368421089,1.0232177195356458,0.5,7.561578947368422,-7.39,7,1.125799999999963,-43.76
candle_body_range,middle,SELL,70,40,30,75.04,1.0720000000000003,1.3357494407158839,0.5714285714285714,7.463500000000001,-7.449999999999999,6,0.9640888211278589,27.3
candle_body_range,middle,2026-06,38,18,20,-4.56,-0.11999999999999963,0.9681007345225605,0.47368421052631576,7.688333333333334,-7.147499999999999,7,1.003007428946995,-50.1
candle_body_range,middle,2026-07,55,32,23,70.92,1.2894545454545454,1.3943066829756479,0.5818181818181818,7.836875,-7.82,7,1.2554146648814721,20.66
candle_body_range,middle,2026-08,53,28,25,15.2,0.28679245283018895,1.0837419425926946,0.5283018867924528,7.0253571428571435,-7.260400000000001,4,0.6880235232629489,-28.74
candle_body_range,high,ALL,103,52,51,-4.05,-0.0393203883495141,0.9897608332911969,0.5048543689320388,7.528653846153848,-7.755686274509803,6,2.2030798136269745,-53.68
candle_body_range,high,BUY,40,22,18,-2.05,-0.05124999999999984,0.9874786220376253,0.55,7.348636363636363,-9.095555555555556,4,1.7730000000000474,-50.62
candle_body_range,high,SELL,63,30,33,-2.0,-0.03174603174603155,0.9913726166853595,0.47619047619047616,7.660666666666667,-7.0248484848484845,6,1.4366522092922702,-50.09
candle_body_range,high,2026-06,39,20,19,8.38,0.2148717948717953,1.0584420112978592,0.5128205128205128,7.588499999999999,-7.546842105263157,4,0.6245096062275218,-40.27
candle_body_range,high,2026-07,31,11,20,-94.74,-3.0561290322580636,0.4687675227094314,0.3548387096774194,7.6,-8.917000000000002,6,1.8948000000000682,-137.64
candle_body_range,high,2026-08,33,21,12,82.31,2.494242424242424,2.1151605473513073,0.6363636363636364,7.434285714285713,-6.150833333333334,3,0.5299950195151493,34.52
candle_body_aligned,low,ALL,131,66,65,14.66,0.11190839694656526,1.0289311651405115,0.5038167938931297,7.899696969696969,-7.795692307692307,6,1.4959035074854192,-79.32
candle_body_aligned,low,BUY,74,38,36,34.36,0.4643243243243249,1.117397840645073,0.5135135135135135,8.606315789473683,-8.129999999999997,6,1.2117172342375393,-59.26
candle_body_aligned,low,SELL,57,28,29,-19.7,-0.34561403508771904,0.9079611287609793,0.49122807017543857,6.940714285714286,-7.3806896551724135,5,1.062471999601784,-65.28
candle_body_aligned,low,2026-06,39,18,21,23.1,0.5923076923076923,1.148390826748892,0.46153846153846156,9.931666666666665,-7.412857142857144,5,0.9627999999999883,-68.17
candle_body_aligned,low,2026-07,51,26,25,-36.26,-0.7109803921568623,0.840109357086163,0.5098039215686274,7.327692307692308,-9.0712,6,1.5027833746127115,-84.02
candle_body_aligned,low,2026-08,41,22,19,27.82,0.6785365853658539,1.223867385531504,0.5365853658536586,6.913181818181818,-6.5405263157894735,3,0.4538517867313501,-16.05
candle_body_aligned,middle,ALL,127,65,62,14.13,0.11125984251968513,1.0297956687683192,0.5118110236220472,7.51323076923077,-7.648870967741936,6,1.611064745891088,-37.4
candle_body_aligned,middle,BUY,66,31,35,-33.8,-0.5121212121212121,0.8769073891984414,0.4696969696969697,7.76741935483871,-7.845428571428572,6,1.241399999999976,-84.28
candle_body_aligned,middle,SELL,61,34,27,47.93,0.7857377049180327,1.2400821478661592,0.5573770491803278,7.281470588235294,-7.394074074074075,5,1.259465230510603,-1.49
candle_body_aligned,middle,2026-06,38,19,19,12.04,0.31684210526315804,1.086693548387097,0.5,7.943157894736843,-7.309473684210526,5,0.7803251421078995,-37.4
candle_body_aligned,middle,2026-07,47,23,24,-8.42,-0.17914893617021269,0.955181774631394,0.48936170212765956,7.802173913043479,-7.827916666666667,4,0.9865164772001771,-58.66
candle_body_aligned,middle,2026-08,42,23,19,10.51,0.2502380952380956,1.0712639001898563,0.5476190476190477,6.869130434782609,-7.7621052631578955,6,0.9825948297458814,-33.49
candle_body_aligned,high,ALL,106,54,52,51.46,0.4854716981132077,1.1373402012330194,0.5094339622641509,7.891666666666668,-7.205576923076922,3,1.134470653249998,2.47
candle_body_aligned,high,BUY,42,22,20,19.25,0.4583333333333334,1.12744968220339,0.5238095238095238,7.740454545454545,-7.552,4,1.2858000000000358,-28.68
candle_body_aligned,high,SELL,64,32,32,32.21,0.5032812500000001,1.1440196735971386,0.5,7.995625,-6.989062499999999,3,0.883462652637552,-16.09
candle_body_aligned,high,2026-06,39,20,19,14.18,0.3635897435897438,1.1015613808909899,0.5128205128205128,7.69,-7.348421052631577,3,0.5856413399505576,-33.35
candle_body_aligned,high,2026-07,36,15,21,-35.6,-0.9888888888888889,0.7730170874776843,0.4166666666666667,8.082666666666666,-7.468571428571429,3,0.9622944996348223,-83.52
candle_body_aligned,high,2026-08,31,19,12,72.88,2.350967741935484,1.931611913588138,0.6129032258064516,7.95315789473684,-6.519166666666667,3,0.39731499958342087,25.79
upper_wick_fraction,low,ALL,106,47,59,-63.89,-0.6027358490566033,0.8636547941697434,0.44339622641509435,8.610638297872342,-7.942203389830507,7,3.5641151717287776,-158.18
upper_wick_fraction,low,BUY,46,19,27,-50.6,-1.0999999999999996,0.7885764425688382,0.41304347826086957,9.933157894736842,-8.864074074074075,4,2.260439331167481,-144.83
upper_wick_fraction,low,SELL,60,28,32,-13.29,-0.22149999999999984,0.9420308819680712,0.4666666666666667,7.713214285714285,-7.164375,9,1.8294600008304855,-61.23
upper_wick_fraction,low,2026-06,39,19,20,40.7,1.043589743589744,1.267604707738839,0.48717948717948717,10.146842105263158,-7.6045,4,0.7288000000000284,-52.5
upper_wick_fraction,low,2026-07,36,11,25,-134.74,-3.742777777777777,0.3893219724437999,0.3055555555555556,7.8090909090909095,-8.825600000000001,7,2.735360562986059,-181.66
upper_wick_fraction,low,2026-08,31,17,14,30.15,0.9725806451612908,1.3145211767160443,0.5483870967741935,7.412352941176471,-6.847142857142858,3,0.5024313446922335,-14.94
upper_wick_fraction,middle,ALL,131,68,63,47.02,0.3589312977099238,1.1009662873094268,0.5190839694656488,7.54,-7.392063492063491,5,1.0788595926103646,-4.09
upper_wick_fraction,middle,BUY,60,29,31,-8.22,-0.13699999999999998,0.964454054054054,0.48333333333333334,7.690689655172414,-7.459677419354839,6,1.1530000000000291,-58.29
upper_wick_fraction,middle,SELL,71,39,32,55.24,0.7780281690140846,1.235615269780337,0.5492957746478874,7.427948717948718,-7.3265625,4,1.2918254976705166,6.76
upper_wick_fraction,middle,2026-06,38,19,19,3.86,0.10157894736842134,1.0274342572850037,0.5,7.608421052631579,-7.405263157894738,5,0.8223802484918715,-44.1
upper_wick_fraction,middle,2026-07,43,24,19,32.1,0.7465116279069766,1.2104780014425285,0.5581395348837209,7.692083333333334,-8.026842105263157,3,0.7841289307494347,-17.23
upper_wick_fraction,middle,2026-08,50,25,25,11.06,0.22120000000000012,1.0641196591106732,0.5,7.3420000000000005,-6.8995999999999995,4,0.5665457052726687,-35.49
upper_wick_fraction,high,ALL,127,70,57,97.12,0.7647244094488191,1.230497211344488,0.5511811023622047,7.406714285714286,-7.3921052631578945,3,0.9108164683902982,48.04
upper_wick_fraction,high,BUY,76,43,33,78.63,1.0346052631578952,1.3174020102530983,0.5657894736842105,7.589767441860466,-7.506969696969697,4,0.8752232967076907,30.42
upper_wick_fraction,high,SELL,51,27,24,18.49,0.36254901960784336,1.1064969473562953,0.5294117647058824,7.115185185185186,-7.234166666666666,3,0.6423021125221212,-29.98
upper_wick_fraction,high,2026-06,39,19,20,4.76,0.12205128205128236,1.0336681284481541,0.48717948717948717,7.691578947368422,-7.069,3,0.5493759089674131,-42.67
upper_wick_fraction,high,2026-07,55,29,26,22.36,0.4065454545454547,1.1127357063628116,0.5272727272727272,7.610344827586209,-7.628461538461537,3,0.9116807980845246,-25.81
upper_wick_fraction,high,2026-08,33,22,11,70.0,2.1212121212121215,1.8575278696557638,0.6666666666666666,6.892272727272728,-7.420909090909091,2,0.6450495692454347,25.93
lower_wick_fraction,low,ALL,118,66,52,107.76,0.9132203389830512,1.2723481689286529,0.559322033898305,7.627727272727274,-7.60903846153846,5,0.8283757643398001,57.98
lower_wick_fraction,low,BUY,60,34,26,36.38,0.6063333333333336,1.1672720584854477,0.5666666666666667,7.466764705882353,-8.364999999999998,4,0.9904000000000268,-13.22
lower_wick_fraction,low,SELL,58,32,26,71.38,1.230689655172414,1.400606128633966,0.5517241379310345,7.79875,-6.853076923076923,5,0.7965415387023173,22.97
lower_wick_fraction,low,2026-06,39,20,19,21.06,0.5400000000000004,1.1536329150860813,0.5128205128205128,7.906999999999999,-7.214736842105262,3,0.6394896840426578,-27.59
lower_wick_fraction,low,2026-07,45,27,18,48.66,1.0813333333333335,1.3009462551796647,0.6,7.790740740740741,-8.982777777777777,2,0.8318301252794248,0.39
lower_wick_fraction,low,2026-08,34,19,15,38.04,1.118823529411765,1.3925696594427246,0.5588235294117647,7.102105263157896,-6.46,5,0.5802098504889344,-6.55
lower_wick_fraction,middle,ALL,132,73,59,101.7,0.7704545454545456,1.2308478038815116,0.553030303030303,7.428082191780822,-7.466949152542374,4,2.0072493300966197,53.12
lower_wick_fraction,middle,BUY,59,35,24,84.52,1.432542372881356,1.4559775571860165,0.5932203389830508,7.710857142857143,-7.723333333333334,4,0.6867156997003313,36.4
lower_wick_fraction,middle,SELL,73,38,35,17.18,0.235342465753425,1.0673223872408795,0.5205479452054794,7.167631578947368,-7.291142857142857,5,2.194364151897602,-30.44
lower_wick_fraction,middle,2026-06,38,23,15,59.67,1.5702631578947377,1.5386837591405615,0.6052631578947368,7.4104347826086965,-7.384666666666667,4,0.6790586502700425,13.81
lower_wick_fraction,middle,2026-07,45,18,27,-72.79,-1.6175555555555554,0.6550073463197309,0.4,7.677777777777779,-7.814444444444444,4,1.8017964131551398,-120.75
lower_wick_fraction,middle,2026-08,49,32,17,114.82,2.3432653061224493,1.96657967842411,0.6530612244897959,7.3003125,-6.987647058823531,3,0.5261943408469261,67.93
lower_wick_fraction,high,ALL,114,46,68,-129.21,-1.1334210526315787,0.7512417696661663,0.40350877192982454,8.482826086956523,-7.638529411764703,8,3.217041669241516,-225.22
lower_wick_fraction,high,BUY,63,22,41,-101.09,-1.6046031746031744,0.6795473277119128,0.3492063492063492,9.74409090909091,-7.694146341463414,7,2.4379994941579244,-195.86
lower_wick_fraction,high,SELL,51,24,27,-28.12,-0.5513725490196081,0.8621298293783095,0.47058823529411764,7.326666666666667,-7.554074074074073,7,1.5046310152318305,-76.58
lower_wick_fraction,high,2026-06,39,14,25,-31.41,-0.8053846153846149,0.8314190639759553,0.358974358974359,11.065,-7.4528,8,1.123113940048763,-124.77
lower_wick_fraction,high,2026-07,44,19,25,-56.15,-1.2761363636363632,0.7175695387555958,0.4318181818181818,7.5084210526315776,-7.9524,5,1.3073578555258187,-105.96
lower_wick_fraction,high,2026-08,31,13,18,-41.65,-1.343548387096774,0.6898503239258322,0.41935483870967744,7.126153846153845,-7.460555555555555,5,1.1482000000000154,-84.9
volatility_expansion,low,ALL,151,81,70,125.78,0.8329801324503315,1.2388212732830806,0.5364238410596026,8.05493827160494,-7.5238571428571435,5,1.2626000000000022,30.5
volatility_expansion,low,BUY,80,41,39,65.23,0.8153750000000002,1.213149037676045,0.5125,9.055121951219514,-7.846923076923076,6,1.2921760172608188,-29.73
volatility_expansion,low,SELL,71,40,31,60.55,0.8528169014084509,1.2744289340101524,0.5633802816901409,7.029750000000002,-7.1174193548387095,4,0.9126924919312366,12.21
volatility_expansion,low,2026-06,39,17,22,7.62,0.19538461538461582,1.0482583913869539,0.4358974358974359,9.736470588235294,-7.177272727272725,5,1.2626000000000022,-83.07
volatility_expansion,low,2026-07,64,37,27,72.21,1.1282812500000001,1.3240150767297856,0.578125,7.974864864864864,-8.254074074074074,5,0.8905561190460237,21.95
volatility_expansion,low,2026-08,48,27,21,45.95,0.9572916666666668,1.3149201562607087,0.5625,7.105925925925925,-6.948095238095239,3,0.5138304715720545,-1.37
volatility_expansion,middle,ALL,93,48,45,-8.16,-0.08774193548387085,0.977204793697796,0.5161290322580645,7.287708333333335,-7.954888888888887,9,2.584658647824771,-56.45
volatility_expansion,middle,BUY,38,20,18,-18.76,-0.49368421052631584,0.8833043045533715,0.5263157894736842,7.1,-8.931111111111111,3,1.2337191245451027,-63.08
volatility_expansion,middle,SELL,55,28,27,10.6,0.19272727272727289,1.053749809847371,0.509090909090909,7.421785714285713,-7.304074074074074,9,1.8783033943513394,-36.87
volatility_expansion,middle,2026-06,38,24,14,76.87,2.022894736842106,1.7381409640868062,0.631578947368421,7.542083333333334,-7.438571428571429,3,0.5299724935976421,29.68
volatility_expansion,middle,2026-07,31,10,21,-122.17,-3.940967741935484,0.34147261750754637,0.3225806451612903,6.335,-8.834285714285716,9,2.545799999999999,-157.9
volatility_expansion,middle,2026-08,24,14,10,37.14,1.5475,1.5436978480456742,0.5833333333333334,7.532142857142857,-6.831,3,0.4237844810083418,-8.28
volatility_expansion,high,ALL,120,56,64,-37.37,-0.31141666666666634,0.9206581740976645,0.4666666666666667,7.743392857142857,-7.359375,5,1.8034248876234025,-87.65
volatility_expansion,high,BUY,64,30,34,-26.66,-0.4165624999999995,0.8940044529262088,0.46875,7.495333333333333,-7.397647058823529,5,1.4299999999999817,-74.89
volatility_expansion,high,SELL,56,26,30,-10.71,-0.1912499999999999,0.9512028430836523,0.4642857142857143,8.029615384615385,-7.316,3,1.172881639248363,-59.59
volatility_expansion,high,2026-06,39,16,23,-35.17,-0.9017948717948715,0.7956776854702842,0.41025641025641024,8.559999999999999,-7.48391304347826,4,0.8508230288100112,-84.22
volatility_expansion,high,2026-07,39,17,22,-30.32,-0.777435897435897,0.814113175157869,0.4358974358974359,7.8111764705882365,-7.414090909090908,5,1.0973613827791397,-78.31
volatility_expansion,high,2026-08,42,23,19,28.12,0.66952380952381,1.2071302298173248,0.5476190476190477,7.125217391304347,-7.145263157894736,4,0.7904856293359604,-16.02
previous_body_aligned,low,ALL,122,57,65,-56.97,-0.4669672131147538,0.8815296955581434,0.4672131147540984,7.43701754385965,-7.398153846153845,7,2.598651011741262,-106.53
previous_body_aligned,low,BUY,62,30,32,-13.33,-0.21499999999999964,0.9441535045456451,0.4838709677419355,7.5120000000000005,-7.4590625,5,1.7132000000000698,-61.49
previous_body_aligned,low,SELL,60,27,33,-43.64,-0.727333333333333,0.8198108922746604,0.45,7.3537037037037045,-7.33909090909091,5,1.3296387847859168,-92.01
previous_body_aligned,low,2026-06,39,15,24,-60.82,-1.559487179487179,0.6538220729694348,0.38461538461538464,7.658,-7.320416666666667,7,1.5082687984012044,-108.27
previous_body_aligned,low,2026-07,47,22,25,-26.95,-0.5734042553191487,0.863412903552785,0.46808510638297873,7.743636363636366,-7.8924,3,1.4873109418172308,-75.86
previous_body_aligned,low,2026-08,36,20,16,30.8,0.8555555555555556,1.28550241008528,0.5555555555555556,6.933999999999999,-6.7425,6,0.8246308823470901,-10.91
previous_body_aligned,middle,ALL,114,59,55,82.92,0.7273684210526319,1.1964928909952608,0.5175438596491229,8.557966101694916,-7.672727272727273,8,1.46214751452489,-12.48
previous_body_aligned,middle,BUY,54,28,26,52.36,0.9696296296296288,1.2382816055338128,0.5185185185185185,9.717857142857143,-8.45153846153846,4,0.8797914217871263,-42.8
previous_body_aligned,middle,SELL,60,31,29,30.56,0.5093333333333337,1.1510926530208645,0.5166666666666667,7.51032258064516,-6.974482758620688,6,1.305604222177879,-17.49
previous_body_aligned,middle,2026-06,38,21,17,98.54,2.593157894736842,1.8674295774647889,0.5526315789473685,10.101904761904764,-6.682352941176471,5,0.6861999999999898,5.59
previous_body_aligned,middle,2026-07,48,23,25,-34.88,-0.7266666666666665,0.8404537553746226,0.4791666666666667,7.988695652173912,-8.7448,8,1.464551292128243,-84.94
previous_body_aligned,middle,2026-08,28,15,13,19.26,0.687857142857143,1.2145243929605702,0.5357142857142857,7.269333333333334,-6.906153846153847,5,0.8395655978995951,-27.18
previous_body_aligned,high,ALL,128,69,59,54.3,0.42421875000000037,1.1199310893188446,0.5390625,7.348695652173913,-7.673898305084745,8,1.3557271889035383,5.07
previous_body_aligned,high,BUY,66,33,33,-19.22,-0.29121212121212103,0.926042788979529,0.5,7.292727272727274,-7.875151515151515,4,1.6495999999999549,-66.39
previous_body_aligned,high,SELL,62,36,26,73.52,1.1858064516129034,1.381169639153878,0.5806451612903226,7.3999999999999995,-7.418461538461538,5,0.8065687841388061,25.05
previous_body_aligned,high,2026-06,39,21,18,11.6,0.29743589743589766,1.0800662617338486,0.5384615384615384,7.451428571428572,-8.04888888888889,3,0.8348101114934487,-35.71
previous_body_aligned,high,2026-07,39,19,20,-18.45,-0.47307692307692295,0.8813962458215481,0.48717948717948717,7.216315789473685,-7.777999999999999,8,1.2799491200349546,-63.56
previous_body_aligned,high,2026-08,50,29,21,61.15,1.2230000000000005,1.4014574579831933,0.58,7.361034482758621,-7.253333333333335,3,0.5625020911772968,14.69
